{"time": "2026-07-04 11:06:47", "source": "yahoo", "symbols": ["TEST"], "start": null, "end": null, "sub_field": null, "frequency": "daily"}
{"time": "2026-07-04 11:06:47", "source": "fred", "symbols": ["TEST"], "start": null, "end": null, "sub_field": null, "frequency": null}
{"time": "2026-07-04 11:06:47", "source": "tw_eco", "symbols": ["TEST"], "start": null, "end": null, "sub_field": null, "frequency": null}
{"time": "2026-07-04 11:06:47", "source": "tw_pmi", "symbols": ["TEST"], "start": null, "end": null, "sub_field": null, "frequency": null}
{"time": "2026-07-04 11:06:47", "source": "moea", "symbols": ["TEST"], "start": null, "end": null, "sub_field": null, "frequency": null}
{"time": "2026-07-04 11:06:47", "source": "finra_margin", "symbols": ["TEST"], "start": null, "end": null, "sub_field": null, "frequency": null}
{"time": "2026-07-04 11:06:47", "source": "ici", "symbols": ["TEST"], "start": null, "end": null, "sub_field": null, "frequency": null}
{"time": "2026-07-04 11:06:47", "source": "macroMicro", "symbols": ["TEST"], "start": null, "end": null, "sub_field": null, "frequency": null}
{"time": "2026-07-04 11:06:47", "source": "usTreasuryApi", "symbols": ["TEST"], "start": null, "end": null, "sub_field": null, "frequency": null}
{"time": "2026-07-04 11:06:47", "source": "multpl", "symbols": ["TEST"], "start": null, "end": null, "sub_field": null, "frequency": null}
{"time": "2026-07-04 11:06:47", "source": "akshare", "symbols": ["TEST"], "start": null, "end": null, "sub_field": null, "frequency": null}
{"time": "2026-07-04 11:06:47", "source": "zillow", "symbols": ["TEST"], "start": null, "end": null, "sub_field": null, "frequency": null}
{"time": "2026-07-04 11:06:47", "source": "optioncharts", "symbols": ["TEST"], "start": null, "end": null, "sub_field": null, "frequency": null}
{"time": "2026-07-04 11:06:47", "source": "yahoo", "symbols": ["TEST"], "start": null, "end": null, "sub_field": null, "frequency": "daily"}
{"time": "2026-07-04 11:06:47", "source": "fred", "symbols": ["TEST"], "start": null, "end": null, "sub_field": null, "frequency": null}
{"time": "2026-07-04 11:06:47", "source": "tw_eco", "symbols": ["TEST"], "start": null, "end": null, "sub_field": null, "frequency": null}
{"time": "2026-07-04 11:06:47", "source": "tw_pmi", "symbols": ["TEST"], "start": null, "end": null, "sub_field": null, "frequency": null}
{"time": "2026-07-04 11:06:47", "source": "moea", "symbols": ["TEST"], "start": null, "end": null, "sub_field": null, "frequency": null}
{"time": "2026-07-04 11:06:47", "source": "finra_margin", "symbols": ["TEST"], "start": null, "end": null, "sub_field": null, "frequency": null}
{"time": "2026-07-04 11:06:47", "source": "ici", "symbols": ["TEST"], "start": null, "end": null, "sub_field": null, "frequency": null}
{"time": "2026-07-04 11:06:47", "source": "macroMicro", "symbols": ["TEST"], "start": null, "end": null, "sub_field": null, "frequency": null}
{"time": "2026-07-04 11:06:47", "source": "usTreasuryApi", "symbols": ["TEST"], "start": null, "end": null, "sub_field": null, "frequency": null}
{"time": "2026-07-04 11:06:47", "source": "multpl", "symbols": ["TEST"], "start": null, "end": null, "sub_field": null, "frequency": null}
{"time": "2026-07-04 11:06:47", "source": "akshare", "symbols": ["TEST"], "start": null, "end": null, "sub_field": null, "frequency": null}
{"time": "2026-07-04 11:06:47", "source": "zillow", "symbols": ["TEST"], "start": null, "end": null, "sub_field": null, "frequency": null}
{"time": "2026-07-04 11:06:47", "source": "optioncharts", "symbols": ["TEST"], "start": null, "end": null, "sub_field": null, "frequency": null}
{"time": "2026-07-04 11:06:47", "source": "yahoo", "symbols": ["TEST"], "start": null, "end": null, "sub_field": null, "frequency": "daily"}
{"time": "2026-07-04 11:06:47", "source": "fred", "symbols": ["TEST"], "start": null, "end": null, "sub_field": null, "frequency": null}
{"time": "2026-07-04 11:06:47", "source": "tw_eco", "symbols": ["TEST"], "start": null, "end": null, "sub_field": null, "frequency": null}
{"time": "2026-07-04 11:06:47", "source": "tw_pmi", "symbols": ["TEST"], "start": null, "end": null, "sub_field": null, "frequency": null}
{"time": "2026-07-04 11:06:47", "source": "moea", "symbols": ["TEST"], "start": null, "end": null, "sub_field": null, "frequency": null}
{"time": "2026-07-04 11:06:47", "source": "finra_margin", "symbols": ["TEST"], "start": null, "end": null, "sub_field": null, "frequency": null}
{"time": "2026-07-04 11:06:47", "source": "ici", "symbols": ["TEST"], "start": null, "end": null, "sub_field": null, "frequency": null}
{"time": "2026-07-04 11:06:47", "source": "macroMicro", "symbols": ["TEST"], "start": null, "end": null, "sub_field": null, "frequency": null}
{"time": "2026-07-04 11:06:47", "source": "usTreasuryApi", "symbols": ["TEST"], "start": null, "end": null, "sub_field": null, "frequency": null}
{"time": "2026-07-04 11:06:47", "source": "multpl", "symbols": ["TEST"], "start": null, "end": null, "sub_field": null, "frequency": null}
{"time": "2026-07-04 11:06:47", "source": "akshare", "symbols": ["TEST"], "start": null, "end": null, "sub_field": null, "frequency": null}
{"time": "2026-07-04 11:06:47", "source": "zillow", "symbols": ["TEST"], "start": null, "end": null, "sub_field": null, "frequency": null}
{"time": "2026-07-04 11:06:47", "source": "optioncharts", "symbols": ["TEST"], "start": null, "end": null, "sub_field": null, "frequency": null}
{"time": "2026-07-04 11:06:47", "source": "yahoo", "symbols": ["TEST"], "start": null, "end": null, "sub_field": null, "frequency": "daily"}
{"time": "2026-07-04 11:06:47", "source": "fred", "symbols": ["TEST"], "start": null, "end": null, "sub_field": null, "frequency": null}
{"time": "2026-07-04 11:06:47", "source": "tw_eco", "symbols": ["TEST"], "start": null, "end": null, "sub_field": null, "frequency": null}
{"time": "2026-07-04 11:06:47", "source": "tw_pmi", "symbols": ["TEST"], "start": null, "end": null, "sub_field": null, "frequency": null}
{"time": "2026-07-04 11:06:47", "source": "moea", "symbols": ["TEST"], "start": null, "end": null, "sub_field": null, "frequency": null}
{"time": "2026-07-04 11:06:47", "source": "finra_margin", "symbols": ["TEST"], "start": null, "end": null, "sub_field": null, "frequency": null}
{"time": "2026-07-04 11:06:47", "source": "ici", "symbols": ["TEST"], "start": null, "end": null, "sub_field": null, "frequency": null}
{"time": "2026-07-04 11:06:47", "source": "macroMicro", "symbols": ["TEST"], "start": null, "end": null, "sub_field": null, "frequency": null}
{"time": "2026-07-04 11:06:47", "source": "usTreasuryApi", "symbols": ["TEST"], "start": null, "end": null, "sub_field": null, "frequency": null}
{"time": "2026-07-04 11:06:47", "source": "multpl", "symbols": ["TEST"], "start": null, "end": null, "sub_field": null, "frequency": null}
{"time": "2026-07-04 11:06:47", "source": "akshare", "symbols": ["TEST"], "start": null, "end": null, "sub_field": null, "frequency": null}
{"time": "2026-07-04 11:06:47", "source": "zillow", "symbols": ["TEST"], "start": null, "end": null, "sub_field": null, "frequency": null}
{"time": "2026-07-04 11:06:47", "source": "optioncharts", "symbols": ["TEST"], "start": null, "end": null, "sub_field": null, "frequency": null}
{"time": "2026-07-04 11:06:47", "source": "yahoo", "symbols": ["A", "B"], "start": null, "end": null, "sub_field": null, "frequency": "daily"}
{"time": "2026-07-04 11:06:47", "source": "fred", "symbols": ["A", "B"], "start": null, "end": null, "sub_field": null, "frequency": null}
{"time": "2026-07-04 11:06:47", "source": "tw_eco", "symbols": ["A", "B"], "start": null, "end": null, "sub_field": null, "frequency": null}
{"time": "2026-07-04 11:06:47", "source": "tw_pmi", "symbols": ["A", "B"], "start": null, "end": null, "sub_field": null, "frequency": null}
{"time": "2026-07-04 11:06:47", "source": "moea", "symbols": ["A", "B"], "start": null, "end": null, "sub_field": null, "frequency": null}
{"time": "2026-07-04 11:06:47", "source": "finra_margin", "symbols": ["A", "B"], "start": null, "end": null, "sub_field": null, "frequency": null}
{"time": "2026-07-04 11:06:47", "source": "ici", "symbols": ["A", "B"], "start": null, "end": null, "sub_field": null, "frequency": null}
{"time": "2026-07-04 11:06:47", "source": "macroMicro", "symbols": ["A", "B"], "start": null, "end": null, "sub_field": null, "frequency": null}
{"time": "2026-07-04 11:06:47", "source": "usTreasuryApi", "symbols": ["A", "B"], "start": null, "end": null, "sub_field": null, "frequency": null}
{"time": "2026-07-04 11:06:47", "source": "multpl", "symbols": ["A", "B"], "start": null, "end": null, "sub_field": null, "frequency": null}
{"time": "2026-07-04 11:06:47", "source": "akshare", "symbols": ["A", "B"], "start": null, "end": null, "sub_field": null, "frequency": null}
{"time": "2026-07-04 11:06:47", "source": "zillow", "symbols": ["A", "B"], "start": null, "end": null, "sub_field": null, "frequency": null}
{"time": "2026-07-04 11:06:47", "source": "optioncharts", "symbols": ["A", "B"], "start": null, "end": null, "sub_field": null, "frequency": null}
{"time": "2026-07-04 11:06:47", "source": "yahoo", "symbols": ["A", "B"], "start": null, "end": null, "sub_field": null, "frequency": "daily"}
{"time": "2026-07-04 11:06:47", "source": "fred", "symbols": ["A", "B"], "start": null, "end": null, "sub_field": null, "frequency": null}
{"time": "2026-07-04 11:06:47", "source": "tw_eco", "symbols": ["A", "B"], "start": null, "end": null, "sub_field": null, "frequency": null}
{"time": "2026-07-04 11:06:47", "source": "tw_pmi", "symbols": ["A", "B"], "start": null, "end": null, "sub_field": null, "frequency": null}
{"time": "2026-07-04 11:06:47", "source": "moea", "symbols": ["A", "B"], "start": null, "end": null, "sub_field": null, "frequency": null}
{"time": "2026-07-04 11:06:47", "source": "finra_margin", "symbols": ["A", "B"], "start": null, "end": null, "sub_field": null, "frequency": null}
{"time": "2026-07-04 11:06:47", "source": "ici", "symbols": ["A", "B"], "start": null, "end": null, "sub_field": null, "frequency": null}
{"time": "2026-07-04 11:06:47", "source": "macroMicro", "symbols": ["A", "B"], "start": null, "end": null, "sub_field": null, "frequency": null}
{"time": "2026-07-04 11:06:47", "source": "usTreasuryApi", "symbols": ["A", "B"], "start": null, "end": null, "sub_field": null, "frequency": null}
{"time": "2026-07-04 11:06:47", "source": "multpl", "symbols": ["A", "B"], "start": null, "end": null, "sub_field": null, "frequency": null}
{"time": "2026-07-04 11:06:47", "source": "akshare", "symbols": ["A", "B"], "start": null, "end": null, "sub_field": null, "frequency": null}
{"time": "2026-07-04 11:06:47", "source": "zillow", "symbols": ["A", "B"], "start": null, "end": null, "sub_field": null, "frequency": null}
{"time": "2026-07-04 11:06:47", "source": "optioncharts", "symbols": ["A", "B"], "start": null, "end": null, "sub_field": null, "frequency": null}
{"time": "2026-07-04 11:06:47", "source": "yahoo", "symbols": ["A", "B"], "start": null, "end": null, "sub_field": null, "frequency": "daily"}
{"time": "2026-07-04 11:06:47", "source": "fred", "symbols": ["A", "B"], "start": null, "end": null, "sub_field": null, "frequency": null}
{"time": "2026-07-04 11:06:47", "source": "tw_eco", "symbols": ["A", "B"], "start": null, "end": null, "sub_field": null, "frequency": null}
{"time": "2026-07-04 11:06:47", "source": "tw_pmi", "symbols": ["A", "B"], "start": null, "end": null, "sub_field": null, "frequency": null}
{"time": "2026-07-04 11:06:47", "source": "moea", "symbols": ["A", "B"], "start": null, "end": null, "sub_field": null, "frequency": null}
{"time": "2026-07-04 11:06:47", "source": "finra_margin", "symbols": ["A", "B"], "start": null, "end": null, "sub_field": null, "frequency": null}
{"time": "2026-07-04 11:06:47", "source": "ici", "symbols": ["A", "B"], "start": null, "end": null, "sub_field": null, "frequency": null}
{"time": "2026-07-04 11:06:47", "source": "macroMicro", "symbols": ["A", "B"], "start": null, "end": null, "sub_field": null, "frequency": null}
{"time": "2026-07-04 11:06:47", "source": "usTreasuryApi", "symbols": ["A", "B"], "start": null, "end": null, "sub_field": null, "frequency": null}
{"time": "2026-07-04 11:06:47", "source": "multpl", "symbols": ["A", "B"], "start": null, "end": null, "sub_field": null, "frequency": null}
{"time": "2026-07-04 11:06:47", "source": "akshare", "symbols": ["A", "B"], "start": null, "end": null, "sub_field": null, "frequency": null}
{"time": "2026-07-04 11:06:47", "source": "zillow", "symbols": ["A", "B"], "start": null, "end": null, "sub_field": null, "frequency": null}
{"time": "2026-07-04 11:06:47", "source": "optioncharts", "symbols": ["A", "B"], "start": null, "end": null, "sub_field": null, "frequency": null}
{"time": "2026-07-04 11:06:47", "source": "yahoo", "symbols": ["TEST"], "start": "2024-01-15", "end": "2024-02-15", "sub_field": null, "frequency": "daily"}
{"time": "2026-07-04 11:06:47", "source": "fred", "symbols": ["TEST"], "start": "2024-01-15", "end": "2024-02-15", "sub_field": null, "frequency": null}
{"time": "2026-07-04 11:06:47", "source": "tw_eco", "symbols": ["TEST"], "start": "2024-01-15", "end": "2024-02-15", "sub_field": null, "frequency": null}
{"time": "2026-07-04 11:06:47", "source": "tw_pmi", "symbols": ["TEST"], "start": "2024-01-15", "end": "2024-02-15", "sub_field": null, "frequency": null}
{"time": "2026-07-04 11:06:47", "source": "moea", "symbols": ["TEST"], "start": "2024-01-15", "end": "2024-02-15", "sub_field": null, "frequency": null}
{"time": "2026-07-04 11:06:47", "source": "finra_margin", "symbols": ["TEST"], "start": "2024-01-15", "end": "2024-02-15", "sub_field": null, "frequency": null}
{"time": "2026-07-04 11:06:47", "source": "ici", "symbols": ["TEST"], "start": "2024-01-15", "end": "2024-02-15", "sub_field": null, "frequency": null}
{"time": "2026-07-04 11:06:47", "source": "macroMicro", "symbols": ["TEST"], "start": "2024-01-15", "end": "2024-02-15", "sub_field": null, "frequency": null}
{"time": "2026-07-04 11:06:47", "source": "usTreasuryApi", "symbols": ["TEST"], "start": "2024-01-15", "end": "2024-02-15", "sub_field": null, "frequency": null}
{"time": "2026-07-04 11:06:47", "source": "multpl", "symbols": ["TEST"], "start": "2024-01-15", "end": "2024-02-15", "sub_field": null, "frequency": null}
{"time": "2026-07-04 11:06:47", "source": "akshare", "symbols": ["TEST"], "start": "2024-01-15", "end": "2024-02-15", "sub_field": null, "frequency": null}
{"time": "2026-07-04 11:06:47", "source": "zillow", "symbols": ["TEST"], "start": "2024-01-15", "end": "2024-02-15", "sub_field": null, "frequency": null}
{"time": "2026-07-04 11:06:47", "source": "optioncharts", "symbols": ["TEST"], "start": "2024-01-15", "end": "2024-02-15", "sub_field": null, "frequency": null}
{"time": "2026-07-04 11:06:47", "source": "count_test", "symbols": ["X"], "start": null, "end": null, "sub_field": null, "frequency": null}
{"time": "2026-07-04 11:06:47", "source": "count_test", "symbols": ["X"], "start": null, "end": null, "sub_field": null, "frequency": null}
{"time": "2026-07-04 11:06:47", "source": "count_test2", "symbols": ["X"], "start": null, "end": null, "sub_field": null, "frequency": null}
{"time": "2026-07-04 11:06:47", "source": "count_test2", "symbols": ["X"], "start": null, "end": null, "sub_field": null, "frequency": null}
{"time": "2026-07-04 11:06:47", "source": "count_test2", "symbols": ["X"], "start": null, "end": null, "sub_field": null, "frequency": null}
{"time": "2026-07-04 11:06:47", "source": "yahoo", "symbols": ["TEST"], "start": "2024-01-01", "end": "2024-12-31", "sub_field": null, "frequency": "daily"}
{"time": "2026-07-04 11:06:47", "source": "yahoo", "symbols": ["AAPL"], "start": null, "end": null, "sub_field": null, "frequency": "daily"}
{"time": "2026-07-04 11:06:47", "source": "fred", "symbols": ["FEDFUNDS"], "start": null, "end": null, "sub_field": null, "frequency": null}
{"time": "2026-07-04 11:06:47", "source": "tw_eco", "symbols": ["AAPL"], "start": null, "end": null, "sub_field": null, "frequency": null}
{"time": "2026-07-04 11:06:47", "source": "tw_pmi", "symbols": ["AAPL"], "start": null, "end": null, "sub_field": null, "frequency": null}
{"time": "2026-07-04 11:06:47", "source": "moea", "symbols": ["AAPL"], "start": null, "end": null, "sub_field": null, "frequency": null}
{"time": "2026-07-04 11:06:47", "source": "tw_eco", "symbols": ["AAPL", "GOOG"], "start": null, "end": null, "sub_field": null, "frequency": null}
{"time": "2026-07-04 11:06:47", "source": "tw_pmi", "symbols": ["AAPL", "GOOG"], "start": null, "end": null, "sub_field": null, "frequency": null}
{"time": "2026-07-04 11:06:47", "source": "moea", "symbols": ["AAPL", "GOOG"], "start": null, "end": null, "sub_field": null, "frequency": null}
{"time": "2026-07-04 11:06:47", "source": "mock", "symbols": ["AAPL"], "start": null, "end": null, "sub_field": null, "frequency": null}
{"time": "2026-07-04 11:06:47", "source": "mock", "symbols": ["AAPL"], "start": null, "end": null, "sub_field": null, "frequency": null}
{"time": "2026-07-04 11:06:48", "source": "mock", "symbols": ["AAPL"], "start": null, "end": null, "sub_field": null, "frequency": null}
{"time": "2026-07-04 11:06:48", "source": "mock", "symbols": ["AAPL"], "start": null, "end": null, "sub_field": null, "frequency": null}
{"time": "2026-07-04 11:06:48", "source": "mock", "symbols": ["AAPL", "TSLA"], "start": null, "end": null, "sub_field": null, "frequency": null}
{"time": "2026-07-04 11:06:48", "source": "mock", "symbols": ["AAPL", "TSLA"], "start": null, "end": null, "sub_field": null, "frequency": null}
{"time": "2026-07-04 11:06:48", "source": "mock", "symbols": ["AAPL", "TSLA"], "start": null, "end": null, "sub_field": null, "frequency": null}
{"time": "2026-07-04 11:06:48", "source": "mock", "symbols": ["AAPL", "TSLA"], "start": null, "end": null, "sub_field": null, "frequency": null}
{"time": "2026-07-04 11:06:48", "source": "failing", "symbols": ["A", "B"], "start": null, "end": null, "sub_field": null, "frequency": null}
{"time": "2026-07-04 11:06:48", "source": "mock", "symbols": ["AAPL"], "start": null, "end": null, "sub_field": null, "frequency": null}
{"time": "2026-07-04 11:06:48", "source": "mock", "symbols": ["TSLA"], "start": null, "end": null, "sub_field": null, "frequency": null}
{"time": "2026-07-04 11:06:51", "source": "test_source", "symbols": ["TEST"], "start": "2024-01-01", "end": "2024-01-01", "sub_field": null, "frequency": null}
{"time": "2026-07-04 11:06:51", "source": "moea", "symbols": ["化學品"], "start": null, "end": null, "sub_field": null, "frequency": null}
{"time": "2026-07-04 11:06:51", "source": "moea", "symbols": ["化學品"], "start": null, "end": null, "sub_field": null, "frequency": null}
{"time": "2026-07-04 11:06:51", "source": "moea", "symbols": ["化學品", "電子產品"], "start": null, "end": null, "sub_field": null, "frequency": null}
{"time": "2026-07-04 11:06:51", "source": "moea", "symbols": ["化學品"], "start": null, "end": null, "sub_field": null, "frequency": null}
{"time": "2026-07-04 11:06:51", "source": "fred", "symbols": ["FEDFUNDS"], "start": "2020-01-01", "end": "2020-12-31", "sub_field": null, "frequency": null}
{"time": "2026-07-04 11:06:52", "source": "fred", "symbols": ["FEDFUNDS"], "start": "2020-01-01", "end": "2020-12-31", "sub_field": null, "frequency": null}
{"time": "2026-07-04 11:06:52", "source": "fred", "symbols": ["FEDFUNDS", "GDP"], "start": "2020-01-01", "end": "2020-03-31", "sub_field": null, "frequency": null}
{"time": "2026-07-04 11:06:53", "source": "fred", "symbols": ["FEDFUNDS"], "start": "2020-01-01", "end": "2020-03-31", "sub_field": null, "frequency": null}
{"time": "2026-07-04 11:06:53", "source": "fred", "symbols": ["FEDFUNDS"], "start": "2020-01-01", "end": "2020-12-31", "sub_field": null, "frequency": null}
{"time": "2026-07-04 11:06:54", "source": "yahoo", "symbols": ["AAPL"], "start": "2023-01-01", "end": "2023-01-31", "sub_field": null, "frequency": "daily"}
{"time": "2026-07-04 11:06:54", "source": "yahoo", "symbols": ["AAPL"], "start": "2023-01-01", "end": "2023-01-31", "sub_field": null, "frequency": "daily"}
{"time": "2026-07-04 11:06:54", "source": "stooq", "symbols": ["^spx"], "start": "2023-01-01", "end": "2023-01-31", "sub_field": null, "frequency": "daily"}
{"time": "2026-07-04 11:07:04", "source": "akshare", "symbols": ["bdi"], "start": "2024-01-01", "end": "2024-01-31", "sub_field": null, "frequency": null}
{"time": "2026-07-04 11:07:45", "source": "akshare", "symbols": ["china_manufacturing_pmi"], "start": "2024-01-01", "end": "2024-06-30", "sub_field": null, "frequency": null}
{"time": "2026-07-04 11:07:46", "source": "optioncharts", "symbols": ["AAPL"], "start": null, "end": null, "sub_field": null, "frequency": null}
{"time": "2026-07-04 11:07:48", "source": "optioncharts", "symbols": ["AAPL"], "start": null, "end": null, "sub_field": null, "frequency": null}
{"time": "2026-07-04 11:07:50", "source": "optioncharts", "symbols": ["AAPL"], "start": null, "end": null, "sub_field": "Close Price", "frequency": null}
{"time": "2026-07-04 11:07:52", "source": "multpl", "symbols": ["sp500_pe"], "start": "2023-01-01", "end": "2023-12-31", "sub_field": null, "frequency": null}
{"time": "2026-07-04 11:07:52", "source": "multpl", "symbols": ["shiller_pe"], "start": "2023-01-01", "end": "2023-12-31", "sub_field": null, "frequency": null}
{"time": "2026-07-04 11:07:53", "source": "multpl", "symbols": ["sp500_pe"], "start": "2023-01-01", "end": "2023-12-31", "sub_field": null, "frequency": null}
{"time": "2026-07-04 11:07:53", "source": "multpl", "symbols": ["sp500_pe"], "start": "2023-01-01", "end": "2023-12-31", "sub_field": null, "frequency": null}
{"time": "2026-07-04 11:07:54", "source": "zillow", "symbols": ["ZHVI"], "start": null, "end": null, "sub_field": null, "frequency": null}
{"time": "2026-07-04 11:07:56", "source": "zillow", "symbols": ["ZHVI"], "start": null, "end": null, "sub_field": null, "frequency": null}
{"time": "2026-07-04 11:07:57", "source": "zillow", "symbols": ["ZHVI"], "start": null, "end": null, "sub_field": "US", "frequency": null}
{"time": "2026-07-04 11:07:59", "source": "usTreasuryApi", "symbols": ["bill_4w"], "start": "2024-01-01", "end": "2024-12-31", "sub_field": null, "frequency": null}
{"time": "2026-07-04 11:08:11", "source": "usTreasuryApi", "symbols": ["note_10y"], "start": "2024-01-01", "end": "2024-12-31", "sub_field": null, "frequency": null}
{"time": "2026-07-04 11:08:11", "source": "usTreasuryApi", "symbols": ["bill_4w"], "start": "2024-01-01", "end": "2024-12-31", "sub_field": null, "frequency": null}
{"time": "2026-07-04 11:08:11", "source": "finra_margin", "symbols": ["debit_balances"], "start": null, "end": null, "sub_field": null, "frequency": null}
{"time": "2026-07-04 11:08:12", "source": "finra_margin", "symbols": ["debit_balances"], "start": null, "end": null, "sub_field": null, "frequency": null}
{"time": "2026-07-04 11:08:12", "source": "dummy", "symbols": ["TEST"], "start": null, "end": null, "sub_field": null, "frequency": null}
{"time": "2026-07-04 11:08:12", "source": "counting", "symbols": ["A"], "start": null, "end": null, "sub_field": null, "frequency": null}
{"time": "2026-07-04 11:08:12", "source": "counting", "symbols": ["A"], "start": null, "end": null, "sub_field": null, "frequency": null}
{"time": "2026-07-04 11:08:12", "source": "freqcount", "symbols": ["A"], "start": null, "end": null, "sub_field": null, "frequency": "daily"}
{"time": "2026-07-04 11:08:12", "source": "freqcount", "symbols": ["A"], "start": null, "end": null, "sub_field": null, "frequency": "weekly"}
{"time": "2026-07-04 11:09:07", "source": "yahoo", "symbols": ["TEST"], "start": null, "end": null, "sub_field": null, "frequency": "daily"}
{"time": "2026-07-04 11:09:07", "source": "fred", "symbols": ["TEST"], "start": null, "end": null, "sub_field": null, "frequency": null}
{"time": "2026-07-04 11:09:07", "source": "tw_eco", "symbols": ["TEST"], "start": null, "end": null, "sub_field": null, "frequency": null}
{"time": "2026-07-04 11:09:07", "source": "tw_pmi", "symbols": ["TEST"], "start": null, "end": null, "sub_field": null, "frequency": null}
{"time": "2026-07-04 11:09:07", "source": "moea", "symbols": ["TEST"], "start": null, "end": null, "sub_field": null, "frequency": null}
{"time": "2026-07-04 11:09:07", "source": "finra_margin", "symbols": ["TEST"], "start": null, "end": null, "sub_field": null, "frequency": null}
{"time": "2026-07-04 11:09:07", "source": "ici", "symbols": ["TEST"], "start": null, "end": null, "sub_field": null, "frequency": null}
{"time": "2026-07-04 11:09:07", "source": "macroMicro", "symbols": ["TEST"], "start": null, "end": null, "sub_field": null, "frequency": null}
{"time": "2026-07-04 11:09:07", "source": "usTreasuryApi", "symbols": ["TEST"], "start": null, "end": null, "sub_field": null, "frequency": null}
{"time": "2026-07-04 11:09:07", "source": "multpl", "symbols": ["TEST"], "start": null, "end": null, "sub_field": null, "frequency": null}
{"time": "2026-07-04 11:09:07", "source": "akshare", "symbols": ["TEST"], "start": null, "end": null, "sub_field": null, "frequency": null}
{"time": "2026-07-04 11:09:07", "source": "zillow", "symbols": ["TEST"], "start": null, "end": null, "sub_field": null, "frequency": null}
{"time": "2026-07-04 11:09:07", "source": "optioncharts", "symbols": ["TEST"], "start": null, "end": null, "sub_field": null, "frequency": null}
{"time": "2026-07-04 11:09:07", "source": "yahoo", "symbols": ["TEST"], "start": null, "end": null, "sub_field": null, "frequency": "daily"}
{"time": "2026-07-04 11:09:07", "source": "fred", "symbols": ["TEST"], "start": null, "end": null, "sub_field": null, "frequency": null}
{"time": "2026-07-04 11:09:07", "source": "tw_eco", "symbols": ["TEST"], "start": null, "end": null, "sub_field": null, "frequency": null}
{"time": "2026-07-04 11:09:07", "source": "tw_pmi", "symbols": ["TEST"], "start": null, "end": null, "sub_field": null, "frequency": null}
{"time": "2026-07-04 11:09:07", "source": "moea", "symbols": ["TEST"], "start": null, "end": null, "sub_field": null, "frequency": null}
{"time": "2026-07-04 11:09:07", "source": "finra_margin", "symbols": ["TEST"], "start": null, "end": null, "sub_field": null, "frequency": null}
{"time": "2026-07-04 11:09:07", "source": "ici", "symbols": ["TEST"], "start": null, "end": null, "sub_field": null, "frequency": null}
{"time": "2026-07-04 11:09:07", "source": "macroMicro", "symbols": ["TEST"], "start": null, "end": null, "sub_field": null, "frequency": null}
{"time": "2026-07-04 11:09:07", "source": "usTreasuryApi", "symbols": ["TEST"], "start": null, "end": null, "sub_field": null, "frequency": null}
{"time": "2026-07-04 11:09:07", "source": "multpl", "symbols": ["TEST"], "start": null, "end": null, "sub_field": null, "frequency": null}
{"time": "2026-07-04 11:09:07", "source": "akshare", "symbols": ["TEST"], "start": null, "end": null, "sub_field": null, "frequency": null}
{"time": "2026-07-04 11:09:07", "source": "zillow", "symbols": ["TEST"], "start": null, "end": null, "sub_field": null, "frequency": null}
{"time": "2026-07-04 11:09:07", "source": "optioncharts", "symbols": ["TEST"], "start": null, "end": null, "sub_field": null, "frequency": null}
{"time": "2026-07-04 11:09:07", "source": "yahoo", "symbols": ["TEST"], "start": null, "end": null, "sub_field": null, "frequency": "daily"}
{"time": "2026-07-04 11:09:07", "source": "fred", "symbols": ["TEST"], "start": null, "end": null, "sub_field": null, "frequency": null}
{"time": "2026-07-04 11:09:07", "source": "tw_eco", "symbols": ["TEST"], "start": null, "end": null, "sub_field": null, "frequency": null}
{"time": "2026-07-04 11:09:07", "source": "tw_pmi", "symbols": ["TEST"], "start": null, "end": null, "sub_field": null, "frequency": null}
{"time": "2026-07-04 11:09:07", "source": "moea", "symbols": ["TEST"], "start": null, "end": null, "sub_field": null, "frequency": null}
{"time": "2026-07-04 11:09:07", "source": "finra_margin", "symbols": ["TEST"], "start": null, "end": null, "sub_field": null, "frequency": null}
{"time": "2026-07-04 11:09:07", "source": "ici", "symbols": ["TEST"], "start": null, "end": null, "sub_field": null, "frequency": null}
{"time": "2026-07-04 11:09:07", "source": "macroMicro", "symbols": ["TEST"], "start": null, "end": null, "sub_field": null, "frequency": null}
{"time": "2026-07-04 11:09:07", "source": "usTreasuryApi", "symbols": ["TEST"], "start": null, "end": null, "sub_field": null, "frequency": null}
{"time": "2026-07-04 11:09:07", "source": "multpl", "symbols": ["TEST"], "start": null, "end": null, "sub_field": null, "frequency": null}
{"time": "2026-07-04 11:09:07", "source": "akshare", "symbols": ["TEST"], "start": null, "end": null, "sub_field": null, "frequency": null}
{"time": "2026-07-04 11:09:07", "source": "zillow", "symbols": ["TEST"], "start": null, "end": null, "sub_field": null, "frequency": null}
{"time": "2026-07-04 11:09:07", "source": "optioncharts", "symbols": ["TEST"], "start": null, "end": null, "sub_field": null, "frequency": null}
{"time": "2026-07-04 11:09:07", "source": "yahoo", "symbols": ["TEST"], "start": null, "end": null, "sub_field": null, "frequency": "daily"}
{"time": "2026-07-04 11:09:07", "source": "fred", "symbols": ["TEST"], "start": null, "end": null, "sub_field": null, "frequency": null}
{"time": "2026-07-04 11:09:07", "source": "tw_eco", "symbols": ["TEST"], "start": null, "end": null, "sub_field": null, "frequency": null}
{"time": "2026-07-04 11:09:07", "source": "tw_pmi", "symbols": ["TEST"], "start": null, "end": null, "sub_field": null, "frequency": null}
{"time": "2026-07-04 11:09:07", "source": "moea", "symbols": ["TEST"], "start": null, "end": null, "sub_field": null, "frequency": null}
{"time": "2026-07-04 11:09:07", "source": "finra_margin", "symbols": ["TEST"], "start": null, "end": null, "sub_field": null, "frequency": null}
{"time": "2026-07-04 11:09:07", "source": "ici", "symbols": ["TEST"], "start": null, "end": null, "sub_field": null, "frequency": null}
{"time": "2026-07-04 11:09:07", "source": "macroMicro", "symbols": ["TEST"], "start": null, "end": null, "sub_field": null, "frequency": null}
{"time": "2026-07-04 11:09:07", "source": "usTreasuryApi", "symbols": ["TEST"], "start": null, "end": null, "sub_field": null, "frequency": null}
{"time": "2026-07-04 11:09:07", "source": "multpl", "symbols": ["TEST"], "start": null, "end": null, "sub_field": null, "frequency": null}
{"time": "2026-07-04 11:09:07", "source": "akshare", "symbols": ["TEST"], "start": null, "end": null, "sub_field": null, "frequency": null}
{"time": "2026-07-04 11:09:07", "source": "zillow", "symbols": ["TEST"], "start": null, "end": null, "sub_field": null, "frequency": null}
{"time": "2026-07-04 11:09:07", "source": "optioncharts", "symbols": ["TEST"], "start": null, "end": null, "sub_field": null, "frequency": null}
{"time": "2026-07-04 11:09:07", "source": "yahoo", "symbols": ["A", "B"], "start": null, "end": null, "sub_field": null, "frequency": "daily"}
{"time": "2026-07-04 11:09:07", "source": "fred", "symbols": ["A", "B"], "start": null, "end": null, "sub_field": null, "frequency": null}
{"time": "2026-07-04 11:09:07", "source": "tw_eco", "symbols": ["A", "B"], "start": null, "end": null, "sub_field": null, "frequency": null}
{"time": "2026-07-04 11:09:07", "source": "tw_pmi", "symbols": ["A", "B"], "start": null, "end": null, "sub_field": null, "frequency": null}
{"time": "2026-07-04 11:09:07", "source": "moea", "symbols": ["A", "B"], "start": null, "end": null, "sub_field": null, "frequency": null}
{"time": "2026-07-04 11:09:07", "source": "finra_margin", "symbols": ["A", "B"], "start": null, "end": null, "sub_field": null, "frequency": null}
{"time": "2026-07-04 11:09:07", "source": "ici", "symbols": ["A", "B"], "start": null, "end": null, "sub_field": null, "frequency": null}
{"time": "2026-07-04 11:09:07", "source": "macroMicro", "symbols": ["A", "B"], "start": null, "end": null, "sub_field": null, "frequency": null}
{"time": "2026-07-04 11:09:07", "source": "usTreasuryApi", "symbols": ["A", "B"], "start": null, "end": null, "sub_field": null, "frequency": null}
{"time": "2026-07-04 11:09:07", "source": "multpl", "symbols": ["A", "B"], "start": null, "end": null, "sub_field": null, "frequency": null}
{"time": "2026-07-04 11:09:07", "source": "akshare", "symbols": ["A", "B"], "start": null, "end": null, "sub_field": null, "frequency": null}
{"time": "2026-07-04 11:09:07", "source": "zillow", "symbols": ["A", "B"], "start": null, "end": null, "sub_field": null, "frequency": null}
{"time": "2026-07-04 11:09:07", "source": "optioncharts", "symbols": ["A", "B"], "start": null, "end": null, "sub_field": null, "frequency": null}
{"time": "2026-07-04 11:09:07", "source": "yahoo", "symbols": ["A", "B"], "start": null, "end": null, "sub_field": null, "frequency": "daily"}
{"time": "2026-07-04 11:09:07", "source": "fred", "symbols": ["A", "B"], "start": null, "end": null, "sub_field": null, "frequency": null}
{"time": "2026-07-04 11:09:07", "source": "tw_eco", "symbols": ["A", "B"], "start": null, "end": null, "sub_field": null, "frequency": null}
{"time": "2026-07-04 11:09:07", "source": "tw_pmi", "symbols": ["A", "B"], "start": null, "end": null, "sub_field": null, "frequency": null}
{"time": "2026-07-04 11:09:07", "source": "moea", "symbols": ["A", "B"], "start": null, "end": null, "sub_field": null, "frequency": null}
{"time": "2026-07-04 11:09:07", "source": "finra_margin", "symbols": ["A", "B"], "start": null, "end": null, "sub_field": null, "frequency": null}
{"time": "2026-07-04 11:09:07", "source": "ici", "symbols": ["A", "B"], "start": null, "end": null, "sub_field": null, "frequency": null}
{"time": "2026-07-04 11:09:07", "source": "macroMicro", "symbols": ["A", "B"], "start": null, "end": null, "sub_field": null, "frequency": null}
{"time": "2026-07-04 11:09:07", "source": "usTreasuryApi", "symbols": ["A", "B"], "start": null, "end": null, "sub_field": null, "frequency": null}
{"time": "2026-07-04 11:09:07", "source": "multpl", "symbols": ["A", "B"], "start": null, "end": null, "sub_field": null, "frequency": null}
{"time": "2026-07-04 11:09:07", "source": "akshare", "symbols": ["A", "B"], "start": null, "end": null, "sub_field": null, "frequency": null}
{"time": "2026-07-04 11:09:07", "source": "zillow", "symbols": ["A", "B"], "start": null, "end": null, "sub_field": null, "frequency": null}
{"time": "2026-07-04 11:09:07", "source": "optioncharts", "symbols": ["A", "B"], "start": null, "end": null, "sub_field": null, "frequency": null}
{"time": "2026-07-04 11:09:07", "source": "yahoo", "symbols": ["A", "B"], "start": null, "end": null, "sub_field": null, "frequency": "daily"}
{"time": "2026-07-04 11:09:07", "source": "fred", "symbols": ["A", "B"], "start": null, "end": null, "sub_field": null, "frequency": null}
{"time": "2026-07-04 11:09:07", "source": "tw_eco", "symbols": ["A", "B"], "start": null, "end": null, "sub_field": null, "frequency": null}
{"time": "2026-07-04 11:09:07", "source": "tw_pmi", "symbols": ["A", "B"], "start": null, "end": null, "sub_field": null, "frequency": null}
{"time": "2026-07-04 11:09:07", "source": "moea", "symbols": ["A", "B"], "start": null, "end": null, "sub_field": null, "frequency": null}
{"time": "2026-07-04 11:09:07", "source": "finra_margin", "symbols": ["A", "B"], "start": null, "end": null, "sub_field": null, "frequency": null}
{"time": "2026-07-04 11:09:07", "source": "ici", "symbols": ["A", "B"], "start": null, "end": null, "sub_field": null, "frequency": null}
{"time": "2026-07-04 11:09:07", "source": "macroMicro", "symbols": ["A", "B"], "start": null, "end": null, "sub_field": null, "frequency": null}
{"time": "2026-07-04 11:09:07", "source": "usTreasuryApi", "symbols": ["A", "B"], "start": null, "end": null, "sub_field": null, "frequency": null}
{"time": "2026-07-04 11:09:07", "source": "multpl", "symbols": ["A", "B"], "start": null, "end": null, "sub_field": null, "frequency": null}
{"time": "2026-07-04 11:09:07", "source": "akshare", "symbols": ["A", "B"], "start": null, "end": null, "sub_field": null, "frequency": null}
{"time": "2026-07-04 11:09:07", "source": "zillow", "symbols": ["A", "B"], "start": null, "end": null, "sub_field": null, "frequency": null}
{"time": "2026-07-04 11:09:07", "source": "optioncharts", "symbols": ["A", "B"], "start": null, "end": null, "sub_field": null, "frequency": null}
{"time": "2026-07-04 11:09:07", "source": "yahoo", "symbols": ["TEST"], "start": "2024-01-15", "end": "2024-02-15", "sub_field": null, "frequency": "daily"}
{"time": "2026-07-04 11:09:07", "source": "fred", "symbols": ["TEST"], "start": "2024-01-15", "end": "2024-02-15", "sub_field": null, "frequency": null}
{"time": "2026-07-04 11:09:07", "source": "tw_eco", "symbols": ["TEST"], "start": "2024-01-15", "end": "2024-02-15", "sub_field": null, "frequency": null}
{"time": "2026-07-04 11:09:07", "source": "tw_pmi", "symbols": ["TEST"], "start": "2024-01-15", "end": "2024-02-15", "sub_field": null, "frequency": null}
{"time": "2026-07-04 11:09:07", "source": "moea", "symbols": ["TEST"], "start": "2024-01-15", "end": "2024-02-15", "sub_field": null, "frequency": null}
{"time": "2026-07-04 11:09:07", "source": "finra_margin", "symbols": ["TEST"], "start": "2024-01-15", "end": "2024-02-15", "sub_field": null, "frequency": null}
{"time": "2026-07-04 11:09:07", "source": "ici", "symbols": ["TEST"], "start": "2024-01-15", "end": "2024-02-15", "sub_field": null, "frequency": null}
{"time": "2026-07-04 11:09:07", "source": "macroMicro", "symbols": ["TEST"], "start": "2024-01-15", "end": "2024-02-15", "sub_field": null, "frequency": null}
{"time": "2026-07-04 11:09:07", "source": "usTreasuryApi", "symbols": ["TEST"], "start": "2024-01-15", "end": "2024-02-15", "sub_field": null, "frequency": null}
{"time": "2026-07-04 11:09:07", "source": "multpl", "symbols": ["TEST"], "start": "2024-01-15", "end": "2024-02-15", "sub_field": null, "frequency": null}
{"time": "2026-07-04 11:09:07", "source": "akshare", "symbols": ["TEST"], "start": "2024-01-15", "end": "2024-02-15", "sub_field": null, "frequency": null}
{"time": "2026-07-04 11:09:07", "source": "zillow", "symbols": ["TEST"], "start": "2024-01-15", "end": "2024-02-15", "sub_field": null, "frequency": null}
{"time": "2026-07-04 11:09:07", "source": "optioncharts", "symbols": ["TEST"], "start": "2024-01-15", "end": "2024-02-15", "sub_field": null, "frequency": null}
{"time": "2026-07-04 11:09:07", "source": "count_test", "symbols": ["X"], "start": null, "end": null, "sub_field": null, "frequency": null}
{"time": "2026-07-04 11:09:07", "source": "count_test", "symbols": ["X"], "start": null, "end": null, "sub_field": null, "frequency": null}
{"time": "2026-07-04 11:09:07", "source": "count_test2", "symbols": ["X"], "start": null, "end": null, "sub_field": null, "frequency": null}
{"time": "2026-07-04 11:09:07", "source": "count_test2", "symbols": ["X"], "start": null, "end": null, "sub_field": null, "frequency": null}
{"time": "2026-07-04 11:09:07", "source": "count_test2", "symbols": ["X"], "start": null, "end": null, "sub_field": null, "frequency": null}
{"time": "2026-07-04 11:09:07", "source": "yahoo", "symbols": ["TEST"], "start": "2024-01-01", "end": "2024-12-31", "sub_field": null, "frequency": "daily"}
{"time": "2026-07-04 11:09:07", "source": "yahoo", "symbols": ["AAPL"], "start": null, "end": null, "sub_field": null, "frequency": "daily"}
{"time": "2026-07-04 11:09:07", "source": "fred", "symbols": ["FEDFUNDS"], "start": null, "end": null, "sub_field": null, "frequency": null}
{"time": "2026-07-04 11:09:07", "source": "tw_eco", "symbols": ["AAPL"], "start": null, "end": null, "sub_field": null, "frequency": null}
{"time": "2026-07-04 11:09:07", "source": "tw_pmi", "symbols": ["AAPL"], "start": null, "end": null, "sub_field": null, "frequency": null}
{"time": "2026-07-04 11:09:07", "source": "moea", "symbols": ["AAPL"], "start": null, "end": null, "sub_field": null, "frequency": null}
{"time": "2026-07-04 11:09:07", "source": "tw_eco", "symbols": ["AAPL", "GOOG"], "start": null, "end": null, "sub_field": null, "frequency": null}
{"time": "2026-07-04 11:09:07", "source": "tw_pmi", "symbols": ["AAPL", "GOOG"], "start": null, "end": null, "sub_field": null, "frequency": null}
{"time": "2026-07-04 11:09:07", "source": "moea", "symbols": ["AAPL", "GOOG"], "start": null, "end": null, "sub_field": null, "frequency": null}
{"time": "2026-07-04 11:09:07", "source": "mock", "symbols": ["AAPL"], "start": null, "end": null, "sub_field": null, "frequency": null}
{"time": "2026-07-04 11:09:08", "source": "mock", "symbols": ["AAPL"], "start": null, "end": null, "sub_field": null, "frequency": null}
{"time": "2026-07-04 11:09:08", "source": "mock", "symbols": ["AAPL"], "start": null, "end": null, "sub_field": null, "frequency": null}
{"time": "2026-07-04 11:09:08", "source": "mock", "symbols": ["AAPL"], "start": null, "end": null, "sub_field": null, "frequency": null}
{"time": "2026-07-04 11:09:08", "source": "mock", "symbols": ["AAPL", "TSLA"], "start": null, "end": null, "sub_field": null, "frequency": null}
{"time": "2026-07-04 11:09:08", "source": "mock", "symbols": ["AAPL", "TSLA"], "start": null, "end": null, "sub_field": null, "frequency": null}
{"time": "2026-07-04 11:09:08", "source": "mock", "symbols": ["AAPL", "TSLA"], "start": null, "end": null, "sub_field": null, "frequency": null}
{"time": "2026-07-04 11:09:08", "source": "mock", "symbols": ["AAPL", "TSLA"], "start": null, "end": null, "sub_field": null, "frequency": null}
{"time": "2026-07-04 11:09:08", "source": "failing", "symbols": ["A", "B"], "start": null, "end": null, "sub_field": null, "frequency": null}
{"time": "2026-07-04 11:09:08", "source": "mock", "symbols": ["AAPL"], "start": null, "end": null, "sub_field": null, "frequency": null}
{"time": "2026-07-04 11:09:08", "source": "mock", "symbols": ["TSLA"], "start": null, "end": null, "sub_field": null, "frequency": null}
{"time": "2026-07-04 11:09:11", "source": "test_source", "symbols": ["TEST"], "start": "2024-01-01", "end": "2024-01-01", "sub_field": null, "frequency": null}
{"time": "2026-07-04 11:09:11", "source": "moea", "symbols": ["化學品"], "start": null, "end": null, "sub_field": null, "frequency": null}
{"time": "2026-07-04 11:09:11", "source": "moea", "symbols": ["化學品"], "start": null, "end": null, "sub_field": null, "frequency": null}
{"time": "2026-07-04 11:09:11", "source": "moea", "symbols": ["化學品", "電子產品"], "start": null, "end": null, "sub_field": null, "frequency": null}
{"time": "2026-07-04 11:09:11", "source": "moea", "symbols": ["化學品"], "start": null, "end": null, "sub_field": null, "frequency": null}
{"time": "2026-07-04 11:09:11", "source": "fred", "symbols": ["FEDFUNDS"], "start": "2020-01-01", "end": "2020-12-31", "sub_field": null, "frequency": null}
{"time": "2026-07-04 11:09:12", "source": "fred", "symbols": ["FEDFUNDS"], "start": "2020-01-01", "end": "2020-12-31", "sub_field": null, "frequency": null}
{"time": "2026-07-04 11:09:12", "source": "fred", "symbols": ["FEDFUNDS", "GDP"], "start": "2020-01-01", "end": "2020-03-31", "sub_field": null, "frequency": null}
{"time": "2026-07-04 11:09:13", "source": "fred", "symbols": ["FEDFUNDS"], "start": "2020-01-01", "end": "2020-03-31", "sub_field": null, "frequency": null}
{"time": "2026-07-04 11:09:14", "source": "fred", "symbols": ["FEDFUNDS"], "start": "2020-01-01", "end": "2020-12-31", "sub_field": null, "frequency": null}
{"time": "2026-07-04 11:09:14", "source": "yahoo", "symbols": ["AAPL"], "start": "2023-01-01", "end": "2023-01-31", "sub_field": null, "frequency": "daily"}
{"time": "2026-07-04 11:09:14", "source": "yahoo", "symbols": ["AAPL"], "start": "2023-01-01", "end": "2023-01-31", "sub_field": null, "frequency": "daily"}
{"time": "2026-07-04 11:09:14", "source": "stooq", "symbols": ["^spx"], "start": "2023-01-01", "end": "2023-01-31", "sub_field": null, "frequency": "daily"}
{"time": "2026-07-04 11:09:22", "source": "akshare", "symbols": ["bdi"], "start": "2024-01-01", "end": "2024-01-31", "sub_field": null, "frequency": null}
{"time": "2026-07-04 11:10:02", "source": "akshare", "symbols": ["china_manufacturing_pmi"], "start": "2024-01-01", "end": "2024-06-30", "sub_field": null, "frequency": null}
{"time": "2026-07-04 11:10:03", "source": "optioncharts", "symbols": ["AAPL"], "start": null, "end": null, "sub_field": null, "frequency": null}
{"time": "2026-07-04 11:10:05", "source": "optioncharts", "symbols": ["AAPL"], "start": null, "end": null, "sub_field": null, "frequency": null}
{"time": "2026-07-04 11:10:07", "source": "optioncharts", "symbols": ["AAPL"], "start": null, "end": null, "sub_field": "Close Price", "frequency": null}
{"time": "2026-07-04 11:10:09", "source": "multpl", "symbols": ["sp500_pe"], "start": "2023-01-01", "end": "2023-12-31", "sub_field": null, "frequency": null}
{"time": "2026-07-04 11:10:09", "source": "multpl", "symbols": ["shiller_pe"], "start": "2023-01-01", "end": "2023-12-31", "sub_field": null, "frequency": null}
{"time": "2026-07-04 11:10:10", "source": "multpl", "symbols": ["sp500_pe"], "start": "2023-01-01", "end": "2023-12-31", "sub_field": null, "frequency": null}
{"time": "2026-07-04 11:10:10", "source": "multpl", "symbols": ["sp500_pe"], "start": "2023-01-01", "end": "2023-12-31", "sub_field": null, "frequency": null}
{"time": "2026-07-04 11:10:11", "source": "zillow", "symbols": ["ZHVI"], "start": null, "end": null, "sub_field": null, "frequency": null}
{"time": "2026-07-04 11:10:12", "source": "zillow", "symbols": ["ZHVI"], "start": null, "end": null, "sub_field": null, "frequency": null}
{"time": "2026-07-04 11:10:14", "source": "zillow", "symbols": ["ZHVI"], "start": null, "end": null, "sub_field": "US", "frequency": null}
{"time": "2026-07-04 11:10:15", "source": "usTreasuryApi", "symbols": ["bill_4w"], "start": "2024-01-01", "end": "2024-12-31", "sub_field": null, "frequency": null}
{"time": "2026-07-04 11:10:33", "source": "full_data_source", "symbols": ["TEST"], "start": "2023-04-01", "end": "2023-06-30", "sub_field": null, "frequency": null}
{"time": "2026-07-04 11:10:33", "source": "full_data_source", "symbols": ["TEST"], "start": "2023-01-01", "end": "2023-01-05", "sub_field": null, "frequency": "daily"}
{"time": "2026-07-04 11:10:33", "source": "full_data_source", "symbols": ["TEST"], "start": "2023-01-01", "end": "2023-01-08", "sub_field": null, "frequency": "weekly"}
{"time": "2026-07-04 11:10:33", "source": "partial_source", "symbols": ["TEST"], "start": "2023-01-01", "end": "2023-03-31", "sub_field": null, "frequency": null}
{"time": "2026-07-04 11:10:33", "source": "partial_source", "symbols": ["TEST"], "start": "2023-04-01", "end": "2023-06-30", "sub_field": null, "frequency": null}
{"time": "2026-07-04 11:10:33", "source": "partial_source", "symbols": ["TEST"], "start": "2023-01-01", "end": "2023-01-03", "sub_field": null, "frequency": "daily"}
{"time": "2026-07-04 11:10:33", "source": "partial_source", "symbols": ["TEST"], "start": "2023-01-01", "end": "2023-01-15", "sub_field": null, "frequency": "weekly"}
{"time": "2026-07-04 11:10:33", "source": "partial_source", "symbols": ["TEST"], "start": "2023-01-01", "end": "2023-06-30", "sub_field": null, "frequency": null}
{"time": "2026-07-04 11:10:33", "source": "partial_source", "symbols": ["TEST"], "start": "2023-07-01", "end": "2023-12-31", "sub_field": null, "frequency": null}
{"time": "2026-07-04 11:10:38", "source": "yahoo", "symbols": ["TEST"], "start": null, "end": null, "sub_field": null, "frequency": "daily"}
{"time": "2026-07-04 11:10:38", "source": "fred", "symbols": ["TEST"], "start": null, "end": null, "sub_field": null, "frequency": null}
{"time": "2026-07-04 11:10:38", "source": "tw_eco", "symbols": ["TEST"], "start": null, "end": null, "sub_field": null, "frequency": null}
{"time": "2026-07-04 11:10:38", "source": "tw_pmi", "symbols": ["TEST"], "start": null, "end": null, "sub_field": null, "frequency": null}
{"time": "2026-07-04 11:10:38", "source": "moea", "symbols": ["TEST"], "start": null, "end": null, "sub_field": null, "frequency": null}
{"time": "2026-07-04 11:10:38", "source": "finra_margin", "symbols": ["TEST"], "start": null, "end": null, "sub_field": null, "frequency": null}
{"time": "2026-07-04 11:10:38", "source": "ici", "symbols": ["TEST"], "start": null, "end": null, "sub_field": null, "frequency": null}
{"time": "2026-07-04 11:10:38", "source": "macroMicro", "symbols": ["TEST"], "start": null, "end": null, "sub_field": null, "frequency": null}
{"time": "2026-07-04 11:10:38", "source": "usTreasuryApi", "symbols": ["TEST"], "start": null, "end": null, "sub_field": null, "frequency": null}
{"time": "2026-07-04 11:10:38", "source": "multpl", "symbols": ["TEST"], "start": null, "end": null, "sub_field": null, "frequency": null}
{"time": "2026-07-04 11:10:38", "source": "akshare", "symbols": ["TEST"], "start": null, "end": null, "sub_field": null, "frequency": null}
{"time": "2026-07-04 11:10:38", "source": "zillow", "symbols": ["TEST"], "start": null, "end": null, "sub_field": null, "frequency": null}
{"time": "2026-07-04 11:10:38", "source": "optioncharts", "symbols": ["TEST"], "start": null, "end": null, "sub_field": null, "frequency": null}
{"time": "2026-07-04 11:10:38", "source": "yahoo", "symbols": ["TEST"], "start": null, "end": null, "sub_field": null, "frequency": "daily"}
{"time": "2026-07-04 11:10:38", "source": "fred", "symbols": ["TEST"], "start": null, "end": null, "sub_field": null, "frequency": null}
{"time": "2026-07-04 11:10:38", "source": "tw_eco", "symbols": ["TEST"], "start": null, "end": null, "sub_field": null, "frequency": null}
{"time": "2026-07-04 11:10:38", "source": "tw_pmi", "symbols": ["TEST"], "start": null, "end": null, "sub_field": null, "frequency": null}
{"time": "2026-07-04 11:10:38", "source": "moea", "symbols": ["TEST"], "start": null, "end": null, "sub_field": null, "frequency": null}
{"time": "2026-07-04 11:10:38", "source": "finra_margin", "symbols": ["TEST"], "start": null, "end": null, "sub_field": null, "frequency": null}
{"time": "2026-07-04 11:10:38", "source": "ici", "symbols": ["TEST"], "start": null, "end": null, "sub_field": null, "frequency": null}
{"time": "2026-07-04 11:10:38", "source": "macroMicro", "symbols": ["TEST"], "start": null, "end": null, "sub_field": null, "frequency": null}
{"time": "2026-07-04 11:10:38", "source": "usTreasuryApi", "symbols": ["TEST"], "start": null, "end": null, "sub_field": null, "frequency": null}
{"time": "2026-07-04 11:10:38", "source": "multpl", "symbols": ["TEST"], "start": null, "end": null, "sub_field": null, "frequency": null}
{"time": "2026-07-04 11:10:38", "source": "akshare", "symbols": ["TEST"], "start": null, "end": null, "sub_field": null, "frequency": null}
{"time": "2026-07-04 11:10:38", "source": "zillow", "symbols": ["TEST"], "start": null, "end": null, "sub_field": null, "frequency": null}
{"time": "2026-07-04 11:10:38", "source": "optioncharts", "symbols": ["TEST"], "start": null, "end": null, "sub_field": null, "frequency": null}
{"time": "2026-07-04 11:10:38", "source": "yahoo", "symbols": ["TEST"], "start": null, "end": null, "sub_field": null, "frequency": "daily"}
{"time": "2026-07-04 11:10:38", "source": "fred", "symbols": ["TEST"], "start": null, "end": null, "sub_field": null, "frequency": null}
{"time": "2026-07-04 11:10:38", "source": "tw_eco", "symbols": ["TEST"], "start": null, "end": null, "sub_field": null, "frequency": null}
{"time": "2026-07-04 11:10:38", "source": "tw_pmi", "symbols": ["TEST"], "start": null, "end": null, "sub_field": null, "frequency": null}
{"time": "2026-07-04 11:10:38", "source": "moea", "symbols": ["TEST"], "start": null, "end": null, "sub_field": null, "frequency": null}
{"time": "2026-07-04 11:10:38", "source": "finra_margin", "symbols": ["TEST"], "start": null, "end": null, "sub_field": null, "frequency": null}
{"time": "2026-07-04 11:10:38", "source": "ici", "symbols": ["TEST"], "start": null, "end": null, "sub_field": null, "frequency": null}
{"time": "2026-07-04 11:10:38", "source": "macroMicro", "symbols": ["TEST"], "start": null, "end": null, "sub_field": null, "frequency": null}
{"time": "2026-07-04 11:10:38", "source": "usTreasuryApi", "symbols": ["TEST"], "start": null, "end": null, "sub_field": null, "frequency": null}
{"time": "2026-07-04 11:10:38", "source": "multpl", "symbols": ["TEST"], "start": null, "end": null, "sub_field": null, "frequency": null}
{"time": "2026-07-04 11:10:38", "source": "akshare", "symbols": ["TEST"], "start": null, "end": null, "sub_field": null, "frequency": null}
{"time": "2026-07-04 11:10:38", "source": "zillow", "symbols": ["TEST"], "start": null, "end": null, "sub_field": null, "frequency": null}
{"time": "2026-07-04 11:10:38", "source": "optioncharts", "symbols": ["TEST"], "start": null, "end": null, "sub_field": null, "frequency": null}
{"time": "2026-07-04 11:10:38", "source": "yahoo", "symbols": ["TEST"], "start": null, "end": null, "sub_field": null, "frequency": "daily"}
{"time": "2026-07-04 11:10:38", "source": "fred", "symbols": ["TEST"], "start": null, "end": null, "sub_field": null, "frequency": null}
{"time": "2026-07-04 11:10:38", "source": "tw_eco", "symbols": ["TEST"], "start": null, "end": null, "sub_field": null, "frequency": null}
{"time": "2026-07-04 11:10:38", "source": "tw_pmi", "symbols": ["TEST"], "start": null, "end": null, "sub_field": null, "frequency": null}
{"time": "2026-07-04 11:10:38", "source": "moea", "symbols": ["TEST"], "start": null, "end": null, "sub_field": null, "frequency": null}
{"time": "2026-07-04 11:10:38", "source": "finra_margin", "symbols": ["TEST"], "start": null, "end": null, "sub_field": null, "frequency": null}
{"time": "2026-07-04 11:10:38", "source": "ici", "symbols": ["TEST"], "start": null, "end": null, "sub_field": null, "frequency": null}
{"time": "2026-07-04 11:10:38", "source": "macroMicro", "symbols": ["TEST"], "start": null, "end": null, "sub_field": null, "frequency": null}
{"time": "2026-07-04 11:10:38", "source": "usTreasuryApi", "symbols": ["TEST"], "start": null, "end": null, "sub_field": null, "frequency": null}
{"time": "2026-07-04 11:10:38", "source": "multpl", "symbols": ["TEST"], "start": null, "end": null, "sub_field": null, "frequency": null}
{"time": "2026-07-04 11:10:38", "source": "akshare", "symbols": ["TEST"], "start": null, "end": null, "sub_field": null, "frequency": null}
{"time": "2026-07-04 11:10:38", "source": "zillow", "symbols": ["TEST"], "start": null, "end": null, "sub_field": null, "frequency": null}
{"time": "2026-07-04 11:10:38", "source": "optioncharts", "symbols": ["TEST"], "start": null, "end": null, "sub_field": null, "frequency": null}
{"time": "2026-07-04 11:10:38", "source": "yahoo", "symbols": ["A", "B"], "start": null, "end": null, "sub_field": null, "frequency": "daily"}
{"time": "2026-07-04 11:10:38", "source": "fred", "symbols": ["A", "B"], "start": null, "end": null, "sub_field": null, "frequency": null}
{"time": "2026-07-04 11:10:38", "source": "tw_eco", "symbols": ["A", "B"], "start": null, "end": null, "sub_field": null, "frequency": null}
{"time": "2026-07-04 11:10:38", "source": "tw_pmi", "symbols": ["A", "B"], "start": null, "end": null, "sub_field": null, "frequency": null}
{"time": "2026-07-04 11:10:38", "source": "moea", "symbols": ["A", "B"], "start": null, "end": null, "sub_field": null, "frequency": null}
{"time": "2026-07-04 11:10:38", "source": "finra_margin", "symbols": ["A", "B"], "start": null, "end": null, "sub_field": null, "frequency": null}
{"time": "2026-07-04 11:10:38", "source": "ici", "symbols": ["A", "B"], "start": null, "end": null, "sub_field": null, "frequency": null}
{"time": "2026-07-04 11:10:38", "source": "macroMicro", "symbols": ["A", "B"], "start": null, "end": null, "sub_field": null, "frequency": null}
{"time": "2026-07-04 11:10:38", "source": "usTreasuryApi", "symbols": ["A", "B"], "start": null, "end": null, "sub_field": null, "frequency": null}
{"time": "2026-07-04 11:10:38", "source": "multpl", "symbols": ["A", "B"], "start": null, "end": null, "sub_field": null, "frequency": null}
{"time": "2026-07-04 11:10:38", "source": "akshare", "symbols": ["A", "B"], "start": null, "end": null, "sub_field": null, "frequency": null}
{"time": "2026-07-04 11:10:38", "source": "zillow", "symbols": ["A", "B"], "start": null, "end": null, "sub_field": null, "frequency": null}
{"time": "2026-07-04 11:10:39", "source": "optioncharts", "symbols": ["A", "B"], "start": null, "end": null, "sub_field": null, "frequency": null}
{"time": "2026-07-04 11:10:39", "source": "yahoo", "symbols": ["A", "B"], "start": null, "end": null, "sub_field": null, "frequency": "daily"}
{"time": "2026-07-04 11:10:39", "source": "fred", "symbols": ["A", "B"], "start": null, "end": null, "sub_field": null, "frequency": null}
{"time": "2026-07-04 11:10:39", "source": "tw_eco", "symbols": ["A", "B"], "start": null, "end": null, "sub_field": null, "frequency": null}
{"time": "2026-07-04 11:10:39", "source": "tw_pmi", "symbols": ["A", "B"], "start": null, "end": null, "sub_field": null, "frequency": null}
{"time": "2026-07-04 11:10:39", "source": "moea", "symbols": ["A", "B"], "start": null, "end": null, "sub_field": null, "frequency": null}
{"time": "2026-07-04 11:10:39", "source": "finra_margin", "symbols": ["A", "B"], "start": null, "end": null, "sub_field": null, "frequency": null}
{"time": "2026-07-04 11:10:39", "source": "ici", "symbols": ["A", "B"], "start": null, "end": null, "sub_field": null, "frequency": null}
{"time": "2026-07-04 11:10:39", "source": "macroMicro", "symbols": ["A", "B"], "start": null, "end": null, "sub_field": null, "frequency": null}
{"time": "2026-07-04 11:10:39", "source": "usTreasuryApi", "symbols": ["A", "B"], "start": null, "end": null, "sub_field": null, "frequency": null}
{"time": "2026-07-04 11:10:39", "source": "multpl", "symbols": ["A", "B"], "start": null, "end": null, "sub_field": null, "frequency": null}
{"time": "2026-07-04 11:10:39", "source": "akshare", "symbols": ["A", "B"], "start": null, "end": null, "sub_field": null, "frequency": null}
{"time": "2026-07-04 11:10:39", "source": "zillow", "symbols": ["A", "B"], "start": null, "end": null, "sub_field": null, "frequency": null}
{"time": "2026-07-04 11:10:39", "source": "optioncharts", "symbols": ["A", "B"], "start": null, "end": null, "sub_field": null, "frequency": null}
{"time": "2026-07-04 11:10:39", "source": "yahoo", "symbols": ["A", "B"], "start": null, "end": null, "sub_field": null, "frequency": "daily"}
{"time": "2026-07-04 11:10:39", "source": "fred", "symbols": ["A", "B"], "start": null, "end": null, "sub_field": null, "frequency": null}
{"time": "2026-07-04 11:10:39", "source": "tw_eco", "symbols": ["A", "B"], "start": null, "end": null, "sub_field": null, "frequency": null}
{"time": "2026-07-04 11:10:39", "source": "tw_pmi", "symbols": ["A", "B"], "start": null, "end": null, "sub_field": null, "frequency": null}
{"time": "2026-07-04 11:10:39", "source": "moea", "symbols": ["A", "B"], "start": null, "end": null, "sub_field": null, "frequency": null}
{"time": "2026-07-04 11:10:39", "source": "finra_margin", "symbols": ["A", "B"], "start": null, "end": null, "sub_field": null, "frequency": null}
{"time": "2026-07-04 11:10:39", "source": "ici", "symbols": ["A", "B"], "start": null, "end": null, "sub_field": null, "frequency": null}
{"time": "2026-07-04 11:10:39", "source": "macroMicro", "symbols": ["A", "B"], "start": null, "end": null, "sub_field": null, "frequency": null}
{"time": "2026-07-04 11:10:39", "source": "usTreasuryApi", "symbols": ["A", "B"], "start": null, "end": null, "sub_field": null, "frequency": null}
{"time": "2026-07-04 11:10:39", "source": "multpl", "symbols": ["A", "B"], "start": null, "end": null, "sub_field": null, "frequency": null}
{"time": "2026-07-04 11:10:39", "source": "akshare", "symbols": ["A", "B"], "start": null, "end": null, "sub_field": null, "frequency": null}
{"time": "2026-07-04 11:10:39", "source": "zillow", "symbols": ["A", "B"], "start": null, "end": null, "sub_field": null, "frequency": null}
{"time": "2026-07-04 11:10:39", "source": "optioncharts", "symbols": ["A", "B"], "start": null, "end": null, "sub_field": null, "frequency": null}
{"time": "2026-07-04 11:10:39", "source": "yahoo", "symbols": ["TEST"], "start": "2024-01-15", "end": "2024-02-15", "sub_field": null, "frequency": "daily"}
{"time": "2026-07-04 11:10:39", "source": "fred", "symbols": ["TEST"], "start": "2024-01-15", "end": "2024-02-15", "sub_field": null, "frequency": null}
{"time": "2026-07-04 11:10:39", "source": "tw_eco", "symbols": ["TEST"], "start": "2024-01-15", "end": "2024-02-15", "sub_field": null, "frequency": null}
{"time": "2026-07-04 11:10:39", "source": "tw_pmi", "symbols": ["TEST"], "start": "2024-01-15", "end": "2024-02-15", "sub_field": null, "frequency": null}
{"time": "2026-07-04 11:10:39", "source": "moea", "symbols": ["TEST"], "start": "2024-01-15", "end": "2024-02-15", "sub_field": null, "frequency": null}
{"time": "2026-07-04 11:10:39", "source": "finra_margin", "symbols": ["TEST"], "start": "2024-01-15", "end": "2024-02-15", "sub_field": null, "frequency": null}
{"time": "2026-07-04 11:10:39", "source": "ici", "symbols": ["TEST"], "start": "2024-01-15", "end": "2024-02-15", "sub_field": null, "frequency": null}
{"time": "2026-07-04 11:10:39", "source": "macroMicro", "symbols": ["TEST"], "start": "2024-01-15", "end": "2024-02-15", "sub_field": null, "frequency": null}
{"time": "2026-07-04 11:10:39", "source": "usTreasuryApi", "symbols": ["TEST"], "start": "2024-01-15", "end": "2024-02-15", "sub_field": null, "frequency": null}
{"time": "2026-07-04 11:10:39", "source": "multpl", "symbols": ["TEST"], "start": "2024-01-15", "end": "2024-02-15", "sub_field": null, "frequency": null}
{"time": "2026-07-04 11:10:39", "source": "akshare", "symbols": ["TEST"], "start": "2024-01-15", "end": "2024-02-15", "sub_field": null, "frequency": null}
{"time": "2026-07-04 11:10:39", "source": "zillow", "symbols": ["TEST"], "start": "2024-01-15", "end": "2024-02-15", "sub_field": null, "frequency": null}
{"time": "2026-07-04 11:10:39", "source": "optioncharts", "symbols": ["TEST"], "start": "2024-01-15", "end": "2024-02-15", "sub_field": null, "frequency": null}
{"time": "2026-07-04 11:10:39", "source": "count_test", "symbols": ["X"], "start": null, "end": null, "sub_field": null, "frequency": null}
{"time": "2026-07-04 11:10:39", "source": "count_test", "symbols": ["X"], "start": null, "end": null, "sub_field": null, "frequency": null}
{"time": "2026-07-04 11:10:39", "source": "count_test2", "symbols": ["X"], "start": null, "end": null, "sub_field": null, "frequency": null}
{"time": "2026-07-04 11:10:39", "source": "count_test2", "symbols": ["X"], "start": null, "end": null, "sub_field": null, "frequency": null}
{"time": "2026-07-04 11:10:39", "source": "count_test2", "symbols": ["X"], "start": null, "end": null, "sub_field": null, "frequency": null}
{"time": "2026-07-04 11:10:39", "source": "yahoo", "symbols": ["TEST"], "start": "2024-01-01", "end": "2024-12-31", "sub_field": null, "frequency": "daily"}
{"time": "2026-07-04 11:10:39", "source": "yahoo", "symbols": ["AAPL"], "start": null, "end": null, "sub_field": null, "frequency": "daily"}
{"time": "2026-07-04 11:10:39", "source": "fred", "symbols": ["FEDFUNDS"], "start": null, "end": null, "sub_field": null, "frequency": null}
{"time": "2026-07-04 11:10:39", "source": "tw_eco", "symbols": ["AAPL"], "start": null, "end": null, "sub_field": null, "frequency": null}
{"time": "2026-07-04 11:10:39", "source": "tw_pmi", "symbols": ["AAPL"], "start": null, "end": null, "sub_field": null, "frequency": null}
{"time": "2026-07-04 11:10:39", "source": "moea", "symbols": ["AAPL"], "start": null, "end": null, "sub_field": null, "frequency": null}
{"time": "2026-07-04 11:10:39", "source": "tw_eco", "symbols": ["AAPL", "GOOG"], "start": null, "end": null, "sub_field": null, "frequency": null}
{"time": "2026-07-04 11:10:39", "source": "tw_pmi", "symbols": ["AAPL", "GOOG"], "start": null, "end": null, "sub_field": null, "frequency": null}
{"time": "2026-07-04 11:10:39", "source": "moea", "symbols": ["AAPL", "GOOG"], "start": null, "end": null, "sub_field": null, "frequency": null}
{"time": "2026-07-04 11:10:44", "source": "yahoo", "symbols": ["TEST"], "start": null, "end": null, "sub_field": null, "frequency": "daily"}
{"time": "2026-07-04 11:10:44", "source": "fred", "symbols": ["TEST"], "start": null, "end": null, "sub_field": null, "frequency": null}
{"time": "2026-07-04 11:10:44", "source": "tw_eco", "symbols": ["TEST"], "start": null, "end": null, "sub_field": null, "frequency": null}
{"time": "2026-07-04 11:10:44", "source": "tw_pmi", "symbols": ["TEST"], "start": null, "end": null, "sub_field": null, "frequency": null}
{"time": "2026-07-04 11:10:44", "source": "moea", "symbols": ["TEST"], "start": null, "end": null, "sub_field": null, "frequency": null}
{"time": "2026-07-04 11:10:44", "source": "finra_margin", "symbols": ["TEST"], "start": null, "end": null, "sub_field": null, "frequency": null}
{"time": "2026-07-04 11:10:44", "source": "ici", "symbols": ["TEST"], "start": null, "end": null, "sub_field": null, "frequency": null}
{"time": "2026-07-04 11:10:44", "source": "macroMicro", "symbols": ["TEST"], "start": null, "end": null, "sub_field": null, "frequency": null}
{"time": "2026-07-04 11:10:44", "source": "usTreasuryApi", "symbols": ["TEST"], "start": null, "end": null, "sub_field": null, "frequency": null}
{"time": "2026-07-04 11:10:44", "source": "multpl", "symbols": ["TEST"], "start": null, "end": null, "sub_field": null, "frequency": null}
{"time": "2026-07-04 11:10:45", "source": "akshare", "symbols": ["TEST"], "start": null, "end": null, "sub_field": null, "frequency": null}
{"time": "2026-07-04 11:10:45", "source": "zillow", "symbols": ["TEST"], "start": null, "end": null, "sub_field": null, "frequency": null}
{"time": "2026-07-04 11:10:45", "source": "optioncharts", "symbols": ["TEST"], "start": null, "end": null, "sub_field": null, "frequency": null}
{"time": "2026-07-04 11:10:45", "source": "yahoo", "symbols": ["TEST"], "start": null, "end": null, "sub_field": null, "frequency": "daily"}
{"time": "2026-07-04 11:10:45", "source": "fred", "symbols": ["TEST"], "start": null, "end": null, "sub_field": null, "frequency": null}
{"time": "2026-07-04 11:10:45", "source": "tw_eco", "symbols": ["TEST"], "start": null, "end": null, "sub_field": null, "frequency": null}
{"time": "2026-07-04 11:10:45", "source": "tw_pmi", "symbols": ["TEST"], "start": null, "end": null, "sub_field": null, "frequency": null}
{"time": "2026-07-04 11:10:45", "source": "moea", "symbols": ["TEST"], "start": null, "end": null, "sub_field": null, "frequency": null}
{"time": "2026-07-04 11:10:45", "source": "finra_margin", "symbols": ["TEST"], "start": null, "end": null, "sub_field": null, "frequency": null}
{"time": "2026-07-04 11:10:45", "source": "ici", "symbols": ["TEST"], "start": null, "end": null, "sub_field": null, "frequency": null}
{"time": "2026-07-04 11:10:45", "source": "macroMicro", "symbols": ["TEST"], "start": null, "end": null, "sub_field": null, "frequency": null}
{"time": "2026-07-04 11:10:45", "source": "usTreasuryApi", "symbols": ["TEST"], "start": null, "end": null, "sub_field": null, "frequency": null}
{"time": "2026-07-04 11:10:45", "source": "multpl", "symbols": ["TEST"], "start": null, "end": null, "sub_field": null, "frequency": null}
{"time": "2026-07-04 11:10:45", "source": "akshare", "symbols": ["TEST"], "start": null, "end": null, "sub_field": null, "frequency": null}
{"time": "2026-07-04 11:10:45", "source": "zillow", "symbols": ["TEST"], "start": null, "end": null, "sub_field": null, "frequency": null}
{"time": "2026-07-04 11:10:45", "source": "optioncharts", "symbols": ["TEST"], "start": null, "end": null, "sub_field": null, "frequency": null}
{"time": "2026-07-04 11:10:45", "source": "yahoo", "symbols": ["TEST"], "start": null, "end": null, "sub_field": null, "frequency": "daily"}
{"time": "2026-07-04 11:10:45", "source": "fred", "symbols": ["TEST"], "start": null, "end": null, "sub_field": null, "frequency": null}
{"time": "2026-07-04 11:10:45", "source": "tw_eco", "symbols": ["TEST"], "start": null, "end": null, "sub_field": null, "frequency": null}
{"time": "2026-07-04 11:10:45", "source": "tw_pmi", "symbols": ["TEST"], "start": null, "end": null, "sub_field": null, "frequency": null}
{"time": "2026-07-04 11:10:45", "source": "moea", "symbols": ["TEST"], "start": null, "end": null, "sub_field": null, "frequency": null}
{"time": "2026-07-04 11:10:45", "source": "finra_margin", "symbols": ["TEST"], "start": null, "end": null, "sub_field": null, "frequency": null}
{"time": "2026-07-04 11:10:45", "source": "ici", "symbols": ["TEST"], "start": null, "end": null, "sub_field": null, "frequency": null}
{"time": "2026-07-04 11:10:45", "source": "macroMicro", "symbols": ["TEST"], "start": null, "end": null, "sub_field": null, "frequency": null}
{"time": "2026-07-04 11:10:45", "source": "usTreasuryApi", "symbols": ["TEST"], "start": null, "end": null, "sub_field": null, "frequency": null}
{"time": "2026-07-04 11:10:45", "source": "multpl", "symbols": ["TEST"], "start": null, "end": null, "sub_field": null, "frequency": null}
{"time": "2026-07-04 11:10:45", "source": "akshare", "symbols": ["TEST"], "start": null, "end": null, "sub_field": null, "frequency": null}
{"time": "2026-07-04 11:10:45", "source": "zillow", "symbols": ["TEST"], "start": null, "end": null, "sub_field": null, "frequency": null}
{"time": "2026-07-04 11:10:45", "source": "optioncharts", "symbols": ["TEST"], "start": null, "end": null, "sub_field": null, "frequency": null}
{"time": "2026-07-04 11:10:45", "source": "yahoo", "symbols": ["TEST"], "start": null, "end": null, "sub_field": null, "frequency": "daily"}
{"time": "2026-07-04 11:10:45", "source": "fred", "symbols": ["TEST"], "start": null, "end": null, "sub_field": null, "frequency": null}
{"time": "2026-07-04 11:10:45", "source": "tw_eco", "symbols": ["TEST"], "start": null, "end": null, "sub_field": null, "frequency": null}
{"time": "2026-07-04 11:10:45", "source": "tw_pmi", "symbols": ["TEST"], "start": null, "end": null, "sub_field": null, "frequency": null}
{"time": "2026-07-04 11:10:45", "source": "moea", "symbols": ["TEST"], "start": null, "end": null, "sub_field": null, "frequency": null}
{"time": "2026-07-04 11:10:45", "source": "finra_margin", "symbols": ["TEST"], "start": null, "end": null, "sub_field": null, "frequency": null}
{"time": "2026-07-04 11:10:45", "source": "ici", "symbols": ["TEST"], "start": null, "end": null, "sub_field": null, "frequency": null}
{"time": "2026-07-04 11:10:45", "source": "macroMicro", "symbols": ["TEST"], "start": null, "end": null, "sub_field": null, "frequency": null}
{"time": "2026-07-04 11:10:45", "source": "usTreasuryApi", "symbols": ["TEST"], "start": null, "end": null, "sub_field": null, "frequency": null}
{"time": "2026-07-04 11:10:45", "source": "multpl", "symbols": ["TEST"], "start": null, "end": null, "sub_field": null, "frequency": null}
{"time": "2026-07-04 11:10:45", "source": "akshare", "symbols": ["TEST"], "start": null, "end": null, "sub_field": null, "frequency": null}
{"time": "2026-07-04 11:10:45", "source": "zillow", "symbols": ["TEST"], "start": null, "end": null, "sub_field": null, "frequency": null}
{"time": "2026-07-04 11:10:45", "source": "optioncharts", "symbols": ["TEST"], "start": null, "end": null, "sub_field": null, "frequency": null}
{"time": "2026-07-04 11:10:45", "source": "yahoo", "symbols": ["A", "B"], "start": null, "end": null, "sub_field": null, "frequency": "daily"}
{"time": "2026-07-04 11:10:45", "source": "fred", "symbols": ["A", "B"], "start": null, "end": null, "sub_field": null, "frequency": null}
{"time": "2026-07-04 11:10:45", "source": "tw_eco", "symbols": ["A", "B"], "start": null, "end": null, "sub_field": null, "frequency": null}
{"time": "2026-07-04 11:10:45", "source": "tw_pmi", "symbols": ["A", "B"], "start": null, "end": null, "sub_field": null, "frequency": null}
{"time": "2026-07-04 11:10:45", "source": "moea", "symbols": ["A", "B"], "start": null, "end": null, "sub_field": null, "frequency": null}
{"time": "2026-07-04 11:10:45", "source": "finra_margin", "symbols": ["A", "B"], "start": null, "end": null, "sub_field": null, "frequency": null}
{"time": "2026-07-04 11:10:45", "source": "ici", "symbols": ["A", "B"], "start": null, "end": null, "sub_field": null, "frequency": null}
{"time": "2026-07-04 11:10:45", "source": "macroMicro", "symbols": ["A", "B"], "start": null, "end": null, "sub_field": null, "frequency": null}
{"time": "2026-07-04 11:10:45", "source": "usTreasuryApi", "symbols": ["A", "B"], "start": null, "end": null, "sub_field": null, "frequency": null}
{"time": "2026-07-04 11:10:45", "source": "multpl", "symbols": ["A", "B"], "start": null, "end": null, "sub_field": null, "frequency": null}
{"time": "2026-07-04 11:10:45", "source": "akshare", "symbols": ["A", "B"], "start": null, "end": null, "sub_field": null, "frequency": null}
{"time": "2026-07-04 11:10:45", "source": "zillow", "symbols": ["A", "B"], "start": null, "end": null, "sub_field": null, "frequency": null}
{"time": "2026-07-04 11:10:45", "source": "optioncharts", "symbols": ["A", "B"], "start": null, "end": null, "sub_field": null, "frequency": null}
{"time": "2026-07-04 11:10:45", "source": "yahoo", "symbols": ["A", "B"], "start": null, "end": null, "sub_field": null, "frequency": "daily"}
{"time": "2026-07-04 11:10:45", "source": "fred", "symbols": ["A", "B"], "start": null, "end": null, "sub_field": null, "frequency": null}
{"time": "2026-07-04 11:10:45", "source": "tw_eco", "symbols": ["A", "B"], "start": null, "end": null, "sub_field": null, "frequency": null}
{"time": "2026-07-04 11:10:45", "source": "tw_pmi", "symbols": ["A", "B"], "start": null, "end": null, "sub_field": null, "frequency": null}
{"time": "2026-07-04 11:10:45", "source": "moea", "symbols": ["A", "B"], "start": null, "end": null, "sub_field": null, "frequency": null}
{"time": "2026-07-04 11:10:45", "source": "finra_margin", "symbols": ["A", "B"], "start": null, "end": null, "sub_field": null, "frequency": null}
{"time": "2026-07-04 11:10:45", "source": "ici", "symbols": ["A", "B"], "start": null, "end": null, "sub_field": null, "frequency": null}
{"time": "2026-07-04 11:10:45", "source": "macroMicro", "symbols": ["A", "B"], "start": null, "end": null, "sub_field": null, "frequency": null}
{"time": "2026-07-04 11:10:45", "source": "usTreasuryApi", "symbols": ["A", "B"], "start": null, "end": null, "sub_field": null, "frequency": null}
{"time": "2026-07-04 11:10:45", "source": "multpl", "symbols": ["A", "B"], "start": null, "end": null, "sub_field": null, "frequency": null}
{"time": "2026-07-04 11:10:45", "source": "akshare", "symbols": ["A", "B"], "start": null, "end": null, "sub_field": null, "frequency": null}
{"time": "2026-07-04 11:10:45", "source": "zillow", "symbols": ["A", "B"], "start": null, "end": null, "sub_field": null, "frequency": null}
{"time": "2026-07-04 11:10:45", "source": "optioncharts", "symbols": ["A", "B"], "start": null, "end": null, "sub_field": null, "frequency": null}
{"time": "2026-07-04 11:10:45", "source": "yahoo", "symbols": ["A", "B"], "start": null, "end": null, "sub_field": null, "frequency": "daily"}
{"time": "2026-07-04 11:10:45", "source": "fred", "symbols": ["A", "B"], "start": null, "end": null, "sub_field": null, "frequency": null}
{"time": "2026-07-04 11:10:45", "source": "tw_eco", "symbols": ["A", "B"], "start": null, "end": null, "sub_field": null, "frequency": null}
{"time": "2026-07-04 11:10:45", "source": "tw_pmi", "symbols": ["A", "B"], "start": null, "end": null, "sub_field": null, "frequency": null}
{"time": "2026-07-04 11:10:45", "source": "moea", "symbols": ["A", "B"], "start": null, "end": null, "sub_field": null, "frequency": null}
{"time": "2026-07-04 11:10:45", "source": "finra_margin", "symbols": ["A", "B"], "start": null, "end": null, "sub_field": null, "frequency": null}
{"time": "2026-07-04 11:10:45", "source": "ici", "symbols": ["A", "B"], "start": null, "end": null, "sub_field": null, "frequency": null}
{"time": "2026-07-04 11:10:45", "source": "macroMicro", "symbols": ["A", "B"], "start": null, "end": null, "sub_field": null, "frequency": null}
{"time": "2026-07-04 11:10:45", "source": "usTreasuryApi", "symbols": ["A", "B"], "start": null, "end": null, "sub_field": null, "frequency": null}
{"time": "2026-07-04 11:10:45", "source": "multpl", "symbols": ["A", "B"], "start": null, "end": null, "sub_field": null, "frequency": null}
{"time": "2026-07-04 11:10:45", "source": "akshare", "symbols": ["A", "B"], "start": null, "end": null, "sub_field": null, "frequency": null}
{"time": "2026-07-04 11:10:45", "source": "zillow", "symbols": ["A", "B"], "start": null, "end": null, "sub_field": null, "frequency": null}
{"time": "2026-07-04 11:10:45", "source": "optioncharts", "symbols": ["A", "B"], "start": null, "end": null, "sub_field": null, "frequency": null}
{"time": "2026-07-04 11:10:45", "source": "yahoo", "symbols": ["TEST"], "start": "2024-01-15", "end": "2024-02-15", "sub_field": null, "frequency": "daily"}
{"time": "2026-07-04 11:10:45", "source": "fred", "symbols": ["TEST"], "start": "2024-01-15", "end": "2024-02-15", "sub_field": null, "frequency": null}
{"time": "2026-07-04 11:10:45", "source": "tw_eco", "symbols": ["TEST"], "start": "2024-01-15", "end": "2024-02-15", "sub_field": null, "frequency": null}
{"time": "2026-07-04 11:10:45", "source": "tw_pmi", "symbols": ["TEST"], "start": "2024-01-15", "end": "2024-02-15", "sub_field": null, "frequency": null}
{"time": "2026-07-04 11:10:45", "source": "moea", "symbols": ["TEST"], "start": "2024-01-15", "end": "2024-02-15", "sub_field": null, "frequency": null}
{"time": "2026-07-04 11:10:45", "source": "finra_margin", "symbols": ["TEST"], "start": "2024-01-15", "end": "2024-02-15", "sub_field": null, "frequency": null}
{"time": "2026-07-04 11:10:45", "source": "ici", "symbols": ["TEST"], "start": "2024-01-15", "end": "2024-02-15", "sub_field": null, "frequency": null}
{"time": "2026-07-04 11:10:45", "source": "macroMicro", "symbols": ["TEST"], "start": "2024-01-15", "end": "2024-02-15", "sub_field": null, "frequency": null}
{"time": "2026-07-04 11:10:45", "source": "usTreasuryApi", "symbols": ["TEST"], "start": "2024-01-15", "end": "2024-02-15", "sub_field": null, "frequency": null}
{"time": "2026-07-04 11:10:45", "source": "multpl", "symbols": ["TEST"], "start": "2024-01-15", "end": "2024-02-15", "sub_field": null, "frequency": null}
{"time": "2026-07-04 11:10:45", "source": "akshare", "symbols": ["TEST"], "start": "2024-01-15", "end": "2024-02-15", "sub_field": null, "frequency": null}
{"time": "2026-07-04 11:10:45", "source": "zillow", "symbols": ["TEST"], "start": "2024-01-15", "end": "2024-02-15", "sub_field": null, "frequency": null}
{"time": "2026-07-04 11:10:45", "source": "optioncharts", "symbols": ["TEST"], "start": "2024-01-15", "end": "2024-02-15", "sub_field": null, "frequency": null}
{"time": "2026-07-04 11:10:45", "source": "count_test", "symbols": ["X"], "start": null, "end": null, "sub_field": null, "frequency": null}
{"time": "2026-07-04 11:10:45", "source": "count_test", "symbols": ["X"], "start": null, "end": null, "sub_field": null, "frequency": null}
{"time": "2026-07-04 11:10:45", "source": "count_test2", "symbols": ["X"], "start": null, "end": null, "sub_field": null, "frequency": null}
{"time": "2026-07-04 11:10:45", "source": "count_test2", "symbols": ["X"], "start": null, "end": null, "sub_field": null, "frequency": null}
{"time": "2026-07-04 11:10:45", "source": "count_test2", "symbols": ["X"], "start": null, "end": null, "sub_field": null, "frequency": null}
{"time": "2026-07-04 11:10:45", "source": "yahoo", "symbols": ["TEST"], "start": "2024-01-01", "end": "2024-12-31", "sub_field": null, "frequency": "daily"}
{"time": "2026-07-04 11:10:45", "source": "yahoo", "symbols": ["AAPL"], "start": null, "end": null, "sub_field": null, "frequency": "daily"}
{"time": "2026-07-04 11:10:45", "source": "fred", "symbols": ["FEDFUNDS"], "start": null, "end": null, "sub_field": null, "frequency": null}
{"time": "2026-07-04 11:10:45", "source": "tw_eco", "symbols": ["AAPL"], "start": null, "end": null, "sub_field": null, "frequency": null}
{"time": "2026-07-04 11:10:45", "source": "tw_pmi", "symbols": ["AAPL"], "start": null, "end": null, "sub_field": null, "frequency": null}
{"time": "2026-07-04 11:10:45", "source": "moea", "symbols": ["AAPL"], "start": null, "end": null, "sub_field": null, "frequency": null}
{"time": "2026-07-04 11:10:45", "source": "tw_eco", "symbols": ["AAPL", "GOOG"], "start": null, "end": null, "sub_field": null, "frequency": null}
{"time": "2026-07-04 11:10:45", "source": "tw_pmi", "symbols": ["AAPL", "GOOG"], "start": null, "end": null, "sub_field": null, "frequency": null}
{"time": "2026-07-04 11:10:45", "source": "moea", "symbols": ["AAPL", "GOOG"], "start": null, "end": null, "sub_field": null, "frequency": null}
{"time": "2026-07-04 11:10:45", "source": "mock", "symbols": ["AAPL"], "start": null, "end": null, "sub_field": null, "frequency": null}
{"time": "2026-07-04 11:10:45", "source": "mock", "symbols": ["AAPL"], "start": null, "end": null, "sub_field": null, "frequency": null}
{"time": "2026-07-04 11:10:45", "source": "mock", "symbols": ["AAPL"], "start": null, "end": null, "sub_field": null, "frequency": null}
{"time": "2026-07-04 11:10:45", "source": "mock", "symbols": ["AAPL"], "start": null, "end": null, "sub_field": null, "frequency": null}
{"time": "2026-07-04 11:10:45", "source": "mock", "symbols": ["AAPL", "TSLA"], "start": null, "end": null, "sub_field": null, "frequency": null}
{"time": "2026-07-04 11:10:45", "source": "mock", "symbols": ["AAPL", "TSLA"], "start": null, "end": null, "sub_field": null, "frequency": null}
{"time": "2026-07-04 11:10:45", "source": "mock", "symbols": ["AAPL", "TSLA"], "start": null, "end": null, "sub_field": null, "frequency": null}
{"time": "2026-07-04 11:10:45", "source": "mock", "symbols": ["AAPL", "TSLA"], "start": null, "end": null, "sub_field": null, "frequency": null}
{"time": "2026-07-04 11:10:45", "source": "failing", "symbols": ["A", "B"], "start": null, "end": null, "sub_field": null, "frequency": null}
{"time": "2026-07-04 11:10:45", "source": "mock", "symbols": ["AAPL"], "start": null, "end": null, "sub_field": null, "frequency": null}
{"time": "2026-07-04 11:10:46", "source": "mock", "symbols": ["TSLA"], "start": null, "end": null, "sub_field": null, "frequency": null}
{"time": "2026-07-04 11:10:49", "source": "test_source", "symbols": ["TEST"], "start": "2024-01-01", "end": "2024-01-01", "sub_field": null, "frequency": null}
{"time": "2026-07-04 11:10:49", "source": "moea", "symbols": ["化學品"], "start": null, "end": null, "sub_field": null, "frequency": null}
{"time": "2026-07-04 11:10:49", "source": "moea", "symbols": ["化學品"], "start": null, "end": null, "sub_field": null, "frequency": null}
{"time": "2026-07-04 11:10:49", "source": "moea", "symbols": ["化學品", "電子產品"], "start": null, "end": null, "sub_field": null, "frequency": null}
{"time": "2026-07-04 11:10:49", "source": "moea", "symbols": ["化學品"], "start": null, "end": null, "sub_field": null, "frequency": null}
{"time": "2026-07-04 11:10:49", "source": "fred", "symbols": ["FEDFUNDS"], "start": "2020-01-01", "end": "2020-12-31", "sub_field": null, "frequency": null}
{"time": "2026-07-04 11:10:49", "source": "fred", "symbols": ["FEDFUNDS"], "start": "2020-01-01", "end": "2020-12-31", "sub_field": null, "frequency": null}
{"time": "2026-07-04 11:10:50", "source": "fred", "symbols": ["FEDFUNDS", "GDP"], "start": "2020-01-01", "end": "2020-03-31", "sub_field": null, "frequency": null}
{"time": "2026-07-04 11:10:51", "source": "fred", "symbols": ["FEDFUNDS"], "start": "2020-01-01", "end": "2020-03-31", "sub_field": null, "frequency": null}
{"time": "2026-07-04 11:10:51", "source": "fred", "symbols": ["FEDFUNDS"], "start": "2020-01-01", "end": "2020-12-31", "sub_field": null, "frequency": null}
{"time": "2026-07-04 11:10:51", "source": "yahoo", "symbols": ["AAPL"], "start": "2023-01-01", "end": "2023-01-31", "sub_field": null, "frequency": "daily"}
{"time": "2026-07-04 11:10:52", "source": "yahoo", "symbols": ["AAPL"], "start": "2023-01-01", "end": "2023-01-31", "sub_field": null, "frequency": "daily"}
{"time": "2026-07-04 11:10:52", "source": "stooq", "symbols": ["^spx"], "start": "2023-01-01", "end": "2023-01-31", "sub_field": null, "frequency": "daily"}
{"time": "2026-07-04 11:10:59", "source": "akshare", "symbols": ["bdi"], "start": "2024-01-01", "end": "2024-01-31", "sub_field": null, "frequency": null}
{"time": "2026-07-04 11:11:42", "source": "akshare", "symbols": ["china_manufacturing_pmi"], "start": "2024-01-01", "end": "2024-06-30", "sub_field": null, "frequency": null}
{"time": "2026-07-04 11:11:42", "source": "optioncharts", "symbols": ["AAPL"], "start": null, "end": null, "sub_field": null, "frequency": null}
{"time": "2026-07-04 11:11:44", "source": "optioncharts", "symbols": ["AAPL"], "start": null, "end": null, "sub_field": null, "frequency": null}
{"time": "2026-07-04 11:11:46", "source": "optioncharts", "symbols": ["AAPL"], "start": null, "end": null, "sub_field": "Close Price", "frequency": null}
{"time": "2026-07-04 11:11:48", "source": "multpl", "symbols": ["sp500_pe"], "start": "2023-01-01", "end": "2023-12-31", "sub_field": null, "frequency": null}
{"time": "2026-07-04 11:11:49", "source": "multpl", "symbols": ["shiller_pe"], "start": "2023-01-01", "end": "2023-12-31", "sub_field": null, "frequency": null}
{"time": "2026-07-04 11:11:49", "source": "multpl", "symbols": ["sp500_pe"], "start": "2023-01-01", "end": "2023-12-31", "sub_field": null, "frequency": null}
{"time": "2026-07-04 11:11:49", "source": "multpl", "symbols": ["sp500_pe"], "start": "2023-01-01", "end": "2023-12-31", "sub_field": null, "frequency": null}
{"time": "2026-07-04 11:11:50", "source": "zillow", "symbols": ["ZHVI"], "start": null, "end": null, "sub_field": null, "frequency": null}
{"time": "2026-07-04 11:11:51", "source": "zillow", "symbols": ["ZHVI"], "start": null, "end": null, "sub_field": null, "frequency": null}
{"time": "2026-07-04 11:11:53", "source": "zillow", "symbols": ["ZHVI"], "start": null, "end": null, "sub_field": "US", "frequency": null}
{"time": "2026-07-04 11:11:55", "source": "usTreasuryApi", "symbols": ["bill_4w"], "start": "2024-01-01", "end": "2024-12-31", "sub_field": null, "frequency": null}
{"time": "2026-07-04 11:12:07", "source": "usTreasuryApi", "symbols": ["note_10y"], "start": "2024-01-01", "end": "2024-12-31", "sub_field": null, "frequency": null}
{"time": "2026-07-04 11:12:07", "source": "usTreasuryApi", "symbols": ["bill_4w"], "start": "2024-01-01", "end": "2024-12-31", "sub_field": null, "frequency": null}
{"time": "2026-07-04 11:12:07", "source": "finra_margin", "symbols": ["debit_balances"], "start": null, "end": null, "sub_field": null, "frequency": null}
{"time": "2026-07-04 11:12:08", "source": "finra_margin", "symbols": ["debit_balances"], "start": null, "end": null, "sub_field": null, "frequency": null}
{"time": "2026-07-04 11:12:08", "source": "dummy", "symbols": ["TEST"], "start": null, "end": null, "sub_field": null, "frequency": null}
{"time": "2026-07-04 11:12:08", "source": "counting", "symbols": ["A"], "start": null, "end": null, "sub_field": null, "frequency": null}
{"time": "2026-07-04 11:12:08", "source": "counting", "symbols": ["A"], "start": null, "end": null, "sub_field": null, "frequency": null}
{"time": "2026-07-04 11:12:08", "source": "freqcount", "symbols": ["A"], "start": null, "end": null, "sub_field": null, "frequency": "daily"}
{"time": "2026-07-04 11:12:08", "source": "freqcount", "symbols": ["A"], "start": null, "end": null, "sub_field": null, "frequency": "weekly"}
{"time": "2026-07-04 11:12:08", "source": "full_data_source", "symbols": ["TEST"], "start": "2023-04-01", "end": "2023-06-30", "sub_field": null, "frequency": null}
{"time": "2026-07-04 11:12:08", "source": "full_data_source", "symbols": ["TEST"], "start": "2023-01-01", "end": "2023-01-05", "sub_field": null, "frequency": "daily"}
{"time": "2026-07-04 11:12:08", "source": "full_data_source", "symbols": ["TEST"], "start": "2023-01-01", "end": "2023-01-08", "sub_field": null, "frequency": "weekly"}
{"time": "2026-07-04 11:12:08", "source": "partial_source", "symbols": ["TEST"], "start": "2023-01-01", "end": "2023-03-31", "sub_field": null, "frequency": null}
{"time": "2026-07-04 11:12:08", "source": "partial_source", "symbols": ["TEST"], "start": "2023-04-01", "end": "2023-06-30", "sub_field": null, "frequency": null}
{"time": "2026-07-04 11:12:08", "source": "partial_source", "symbols": ["TEST"], "start": "2023-01-01", "end": "2023-01-03", "sub_field": null, "frequency": "daily"}
{"time": "2026-07-04 11:12:08", "source": "partial_source", "symbols": ["TEST"], "start": "2023-01-01", "end": "2023-01-15", "sub_field": null, "frequency": "weekly"}
{"time": "2026-07-04 11:12:08", "source": "partial_source", "symbols": ["TEST"], "start": "2023-01-01", "end": "2023-06-30", "sub_field": null, "frequency": null}
{"time": "2026-07-04 11:12:08", "source": "partial_source", "symbols": ["TEST"], "start": "2023-07-01", "end": "2023-12-31", "sub_field": null, "frequency": null}
{"time": "2026-07-04 11:19:41", "source": "yahoo", "symbols": ["TEST"], "start": null, "end": null, "sub_field": null, "frequency": "daily"}
{"time": "2026-07-04 11:19:41", "source": "fred", "symbols": ["TEST"], "start": null, "end": null, "sub_field": null, "frequency": null}
{"time": "2026-07-04 11:19:41", "source": "tw_eco", "symbols": ["TEST"], "start": null, "end": null, "sub_field": null, "frequency": null}
{"time": "2026-07-04 11:19:41", "source": "tw_pmi", "symbols": ["TEST"], "start": null, "end": null, "sub_field": null, "frequency": null}
{"time": "2026-07-04 11:19:41", "source": "moea", "symbols": ["TEST"], "start": null, "end": null, "sub_field": null, "frequency": null}
{"time": "2026-07-04 11:19:41", "source": "finra_margin", "symbols": ["TEST"], "start": null, "end": null, "sub_field": null, "frequency": null}
{"time": "2026-07-04 11:19:41", "source": "ici", "symbols": ["TEST"], "start": null, "end": null, "sub_field": null, "frequency": null}
{"time": "2026-07-04 11:19:41", "source": "macroMicro", "symbols": ["TEST"], "start": null, "end": null, "sub_field": null, "frequency": null}
{"time": "2026-07-04 11:19:41", "source": "usTreasuryApi", "symbols": ["TEST"], "start": null, "end": null, "sub_field": null, "frequency": null}
{"time": "2026-07-04 11:19:41", "source": "multpl", "symbols": ["TEST"], "start": null, "end": null, "sub_field": null, "frequency": null}
{"time": "2026-07-04 11:19:41", "source": "akshare", "symbols": ["TEST"], "start": null, "end": null, "sub_field": null, "frequency": null}
{"time": "2026-07-04 11:19:41", "source": "zillow", "symbols": ["TEST"], "start": null, "end": null, "sub_field": null, "frequency": null}
{"time": "2026-07-04 11:19:41", "source": "optioncharts", "symbols": ["TEST"], "start": null, "end": null, "sub_field": null, "frequency": null}
{"time": "2026-07-04 11:19:41", "source": "yahoo", "symbols": ["TEST"], "start": null, "end": null, "sub_field": null, "frequency": "daily"}
{"time": "2026-07-04 11:19:41", "source": "fred", "symbols": ["TEST"], "start": null, "end": null, "sub_field": null, "frequency": null}
{"time": "2026-07-04 11:19:41", "source": "tw_eco", "symbols": ["TEST"], "start": null, "end": null, "sub_field": null, "frequency": null}
{"time": "2026-07-04 11:19:41", "source": "tw_pmi", "symbols": ["TEST"], "start": null, "end": null, "sub_field": null, "frequency": null}
{"time": "2026-07-04 11:19:41", "source": "moea", "symbols": ["TEST"], "start": null, "end": null, "sub_field": null, "frequency": null}
{"time": "2026-07-04 11:19:41", "source": "finra_margin", "symbols": ["TEST"], "start": null, "end": null, "sub_field": null, "frequency": null}
{"time": "2026-07-04 11:19:41", "source": "ici", "symbols": ["TEST"], "start": null, "end": null, "sub_field": null, "frequency": null}
{"time": "2026-07-04 11:19:41", "source": "macroMicro", "symbols": ["TEST"], "start": null, "end": null, "sub_field": null, "frequency": null}
{"time": "2026-07-04 11:19:41", "source": "usTreasuryApi", "symbols": ["TEST"], "start": null, "end": null, "sub_field": null, "frequency": null}
{"time": "2026-07-04 11:19:41", "source": "multpl", "symbols": ["TEST"], "start": null, "end": null, "sub_field": null, "frequency": null}
{"time": "2026-07-04 11:19:41", "source": "akshare", "symbols": ["TEST"], "start": null, "end": null, "sub_field": null, "frequency": null}
{"time": "2026-07-04 11:19:41", "source": "zillow", "symbols": ["TEST"], "start": null, "end": null, "sub_field": null, "frequency": null}
{"time": "2026-07-04 11:19:41", "source": "optioncharts", "symbols": ["TEST"], "start": null, "end": null, "sub_field": null, "frequency": null}
{"time": "2026-07-04 11:19:41", "source": "yahoo", "symbols": ["TEST"], "start": null, "end": null, "sub_field": null, "frequency": "daily"}
{"time": "2026-07-04 11:19:41", "source": "fred", "symbols": ["TEST"], "start": null, "end": null, "sub_field": null, "frequency": null}
{"time": "2026-07-04 11:19:41", "source": "tw_eco", "symbols": ["TEST"], "start": null, "end": null, "sub_field": null, "frequency": null}
{"time": "2026-07-04 11:19:41", "source": "tw_pmi", "symbols": ["TEST"], "start": null, "end": null, "sub_field": null, "frequency": null}
{"time": "2026-07-04 11:19:41", "source": "moea", "symbols": ["TEST"], "start": null, "end": null, "sub_field": null, "frequency": null}
{"time": "2026-07-04 11:19:41", "source": "finra_margin", "symbols": ["TEST"], "start": null, "end": null, "sub_field": null, "frequency": null}
{"time": "2026-07-04 11:19:41", "source": "ici", "symbols": ["TEST"], "start": null, "end": null, "sub_field": null, "frequency": null}
{"time": "2026-07-04 11:19:41", "source": "macroMicro", "symbols": ["TEST"], "start": null, "end": null, "sub_field": null, "frequency": null}
{"time": "2026-07-04 11:19:41", "source": "usTreasuryApi", "symbols": ["TEST"], "start": null, "end": null, "sub_field": null, "frequency": null}
{"time": "2026-07-04 11:19:41", "source": "multpl", "symbols": ["TEST"], "start": null, "end": null, "sub_field": null, "frequency": null}
{"time": "2026-07-04 11:19:41", "source": "akshare", "symbols": ["TEST"], "start": null, "end": null, "sub_field": null, "frequency": null}
{"time": "2026-07-04 11:19:41", "source": "zillow", "symbols": ["TEST"], "start": null, "end": null, "sub_field": null, "frequency": null}
{"time": "2026-07-04 11:19:41", "source": "optioncharts", "symbols": ["TEST"], "start": null, "end": null, "sub_field": null, "frequency": null}
{"time": "2026-07-04 11:19:41", "source": "yahoo", "symbols": ["TEST"], "start": null, "end": null, "sub_field": null, "frequency": "daily"}
{"time": "2026-07-04 11:19:41", "source": "fred", "symbols": ["TEST"], "start": null, "end": null, "sub_field": null, "frequency": null}
{"time": "2026-07-04 11:19:41", "source": "tw_eco", "symbols": ["TEST"], "start": null, "end": null, "sub_field": null, "frequency": null}
{"time": "2026-07-04 11:19:41", "source": "tw_pmi", "symbols": ["TEST"], "start": null, "end": null, "sub_field": null, "frequency": null}
{"time": "2026-07-04 11:19:41", "source": "moea", "symbols": ["TEST"], "start": null, "end": null, "sub_field": null, "frequency": null}
{"time": "2026-07-04 11:19:41", "source": "finra_margin", "symbols": ["TEST"], "start": null, "end": null, "sub_field": null, "frequency": null}
{"time": "2026-07-04 11:19:41", "source": "ici", "symbols": ["TEST"], "start": null, "end": null, "sub_field": null, "frequency": null}
{"time": "2026-07-04 11:19:41", "source": "macroMicro", "symbols": ["TEST"], "start": null, "end": null, "sub_field": null, "frequency": null}
{"time": "2026-07-04 11:19:41", "source": "usTreasuryApi", "symbols": ["TEST"], "start": null, "end": null, "sub_field": null, "frequency": null}
{"time": "2026-07-04 11:19:41", "source": "multpl", "symbols": ["TEST"], "start": null, "end": null, "sub_field": null, "frequency": null}
{"time": "2026-07-04 11:19:41", "source": "akshare", "symbols": ["TEST"], "start": null, "end": null, "sub_field": null, "frequency": null}
{"time": "2026-07-04 11:19:41", "source": "zillow", "symbols": ["TEST"], "start": null, "end": null, "sub_field": null, "frequency": null}
{"time": "2026-07-04 11:19:41", "source": "optioncharts", "symbols": ["TEST"], "start": null, "end": null, "sub_field": null, "frequency": null}
{"time": "2026-07-04 11:19:41", "source": "yahoo", "symbols": ["A", "B"], "start": null, "end": null, "sub_field": null, "frequency": "daily"}
{"time": "2026-07-04 11:19:41", "source": "fred", "symbols": ["A", "B"], "start": null, "end": null, "sub_field": null, "frequency": null}
{"time": "2026-07-04 11:19:41", "source": "tw_eco", "symbols": ["A", "B"], "start": null, "end": null, "sub_field": null, "frequency": null}
{"time": "2026-07-04 11:19:41", "source": "tw_pmi", "symbols": ["A", "B"], "start": null, "end": null, "sub_field": null, "frequency": null}
{"time": "2026-07-04 11:19:41", "source": "moea", "symbols": ["A", "B"], "start": null, "end": null, "sub_field": null, "frequency": null}
{"time": "2026-07-04 11:19:41", "source": "finra_margin", "symbols": ["A", "B"], "start": null, "end": null, "sub_field": null, "frequency": null}
{"time": "2026-07-04 11:19:41", "source": "ici", "symbols": ["A", "B"], "start": null, "end": null, "sub_field": null, "frequency": null}
{"time": "2026-07-04 11:19:41", "source": "macroMicro", "symbols": ["A", "B"], "start": null, "end": null, "sub_field": null, "frequency": null}
{"time": "2026-07-04 11:19:41", "source": "usTreasuryApi", "symbols": ["A", "B"], "start": null, "end": null, "sub_field": null, "frequency": null}
{"time": "2026-07-04 11:19:41", "source": "multpl", "symbols": ["A", "B"], "start": null, "end": null, "sub_field": null, "frequency": null}
{"time": "2026-07-04 11:19:41", "source": "akshare", "symbols": ["A", "B"], "start": null, "end": null, "sub_field": null, "frequency": null}
{"time": "2026-07-04 11:19:41", "source": "zillow", "symbols": ["A", "B"], "start": null, "end": null, "sub_field": null, "frequency": null}
{"time": "2026-07-04 11:19:41", "source": "optioncharts", "symbols": ["A", "B"], "start": null, "end": null, "sub_field": null, "frequency": null}
{"time": "2026-07-04 11:19:41", "source": "yahoo", "symbols": ["A", "B"], "start": null, "end": null, "sub_field": null, "frequency": "daily"}
{"time": "2026-07-04 11:19:41", "source": "fred", "symbols": ["A", "B"], "start": null, "end": null, "sub_field": null, "frequency": null}
{"time": "2026-07-04 11:19:41", "source": "tw_eco", "symbols": ["A", "B"], "start": null, "end": null, "sub_field": null, "frequency": null}
{"time": "2026-07-04 11:19:41", "source": "tw_pmi", "symbols": ["A", "B"], "start": null, "end": null, "sub_field": null, "frequency": null}
{"time": "2026-07-04 11:19:41", "source": "moea", "symbols": ["A", "B"], "start": null, "end": null, "sub_field": null, "frequency": null}
{"time": "2026-07-04 11:19:41", "source": "finra_margin", "symbols": ["A", "B"], "start": null, "end": null, "sub_field": null, "frequency": null}
{"time": "2026-07-04 11:19:41", "source": "ici", "symbols": ["A", "B"], "start": null, "end": null, "sub_field": null, "frequency": null}
{"time": "2026-07-04 11:19:41", "source": "macroMicro", "symbols": ["A", "B"], "start": null, "end": null, "sub_field": null, "frequency": null}
{"time": "2026-07-04 11:19:41", "source": "usTreasuryApi", "symbols": ["A", "B"], "start": null, "end": null, "sub_field": null, "frequency": null}
{"time": "2026-07-04 11:19:41", "source": "multpl", "symbols": ["A", "B"], "start": null, "end": null, "sub_field": null, "frequency": null}
{"time": "2026-07-04 11:19:41", "source": "akshare", "symbols": ["A", "B"], "start": null, "end": null, "sub_field": null, "frequency": null}
{"time": "2026-07-04 11:19:41", "source": "zillow", "symbols": ["A", "B"], "start": null, "end": null, "sub_field": null, "frequency": null}
{"time": "2026-07-04 11:19:41", "source": "optioncharts", "symbols": ["A", "B"], "start": null, "end": null, "sub_field": null, "frequency": null}
{"time": "2026-07-04 11:19:41", "source": "yahoo", "symbols": ["A", "B"], "start": null, "end": null, "sub_field": null, "frequency": "daily"}
{"time": "2026-07-04 11:19:41", "source": "fred", "symbols": ["A", "B"], "start": null, "end": null, "sub_field": null, "frequency": null}
{"time": "2026-07-04 11:19:41", "source": "tw_eco", "symbols": ["A", "B"], "start": null, "end": null, "sub_field": null, "frequency": null}
{"time": "2026-07-04 11:19:41", "source": "tw_pmi", "symbols": ["A", "B"], "start": null, "end": null, "sub_field": null, "frequency": null}
{"time": "2026-07-04 11:19:41", "source": "moea", "symbols": ["A", "B"], "start": null, "end": null, "sub_field": null, "frequency": null}
{"time": "2026-07-04 11:19:41", "source": "finra_margin", "symbols": ["A", "B"], "start": null, "end": null, "sub_field": null, "frequency": null}
{"time": "2026-07-04 11:19:41", "source": "ici", "symbols": ["A", "B"], "start": null, "end": null, "sub_field": null, "frequency": null}
{"time": "2026-07-04 11:19:41", "source": "macroMicro", "symbols": ["A", "B"], "start": null, "end": null, "sub_field": null, "frequency": null}
{"time": "2026-07-04 11:19:41", "source": "usTreasuryApi", "symbols": ["A", "B"], "start": null, "end": null, "sub_field": null, "frequency": null}
{"time": "2026-07-04 11:19:41", "source": "multpl", "symbols": ["A", "B"], "start": null, "end": null, "sub_field": null, "frequency": null}
{"time": "2026-07-04 11:19:41", "source": "akshare", "symbols": ["A", "B"], "start": null, "end": null, "sub_field": null, "frequency": null}
{"time": "2026-07-04 11:19:41", "source": "zillow", "symbols": ["A", "B"], "start": null, "end": null, "sub_field": null, "frequency": null}
{"time": "2026-07-04 11:19:41", "source": "optioncharts", "symbols": ["A", "B"], "start": null, "end": null, "sub_field": null, "frequency": null}
{"time": "2026-07-04 11:19:41", "source": "yahoo", "symbols": ["TEST"], "start": "2024-01-15", "end": "2024-02-15", "sub_field": null, "frequency": "daily"}
{"time": "2026-07-04 11:19:41", "source": "fred", "symbols": ["TEST"], "start": "2024-01-15", "end": "2024-02-15", "sub_field": null, "frequency": null}
{"time": "2026-07-04 11:19:41", "source": "tw_eco", "symbols": ["TEST"], "start": "2024-01-15", "end": "2024-02-15", "sub_field": null, "frequency": null}
{"time": "2026-07-04 11:19:41", "source": "tw_pmi", "symbols": ["TEST"], "start": "2024-01-15", "end": "2024-02-15", "sub_field": null, "frequency": null}
{"time": "2026-07-04 11:19:41", "source": "moea", "symbols": ["TEST"], "start": "2024-01-15", "end": "2024-02-15", "sub_field": null, "frequency": null}
{"time": "2026-07-04 11:19:41", "source": "finra_margin", "symbols": ["TEST"], "start": "2024-01-15", "end": "2024-02-15", "sub_field": null, "frequency": null}
{"time": "2026-07-04 11:19:41", "source": "ici", "symbols": ["TEST"], "start": "2024-01-15", "end": "2024-02-15", "sub_field": null, "frequency": null}
{"time": "2026-07-04 11:19:41", "source": "macroMicro", "symbols": ["TEST"], "start": "2024-01-15", "end": "2024-02-15", "sub_field": null, "frequency": null}
{"time": "2026-07-04 11:19:41", "source": "usTreasuryApi", "symbols": ["TEST"], "start": "2024-01-15", "end": "2024-02-15", "sub_field": null, "frequency": null}
{"time": "2026-07-04 11:19:41", "source": "multpl", "symbols": ["TEST"], "start": "2024-01-15", "end": "2024-02-15", "sub_field": null, "frequency": null}
{"time": "2026-07-04 11:19:41", "source": "akshare", "symbols": ["TEST"], "start": "2024-01-15", "end": "2024-02-15", "sub_field": null, "frequency": null}
{"time": "2026-07-04 11:19:41", "source": "zillow", "symbols": ["TEST"], "start": "2024-01-15", "end": "2024-02-15", "sub_field": null, "frequency": null}
{"time": "2026-07-04 11:19:41", "source": "optioncharts", "symbols": ["TEST"], "start": "2024-01-15", "end": "2024-02-15", "sub_field": null, "frequency": null}
{"time": "2026-07-04 11:19:41", "source": "count_test", "symbols": ["X"], "start": null, "end": null, "sub_field": null, "frequency": null}
{"time": "2026-07-04 11:19:41", "source": "count_test", "symbols": ["X"], "start": null, "end": null, "sub_field": null, "frequency": null}
{"time": "2026-07-04 11:19:41", "source": "count_test2", "symbols": ["X"], "start": null, "end": null, "sub_field": null, "frequency": null}
{"time": "2026-07-04 11:19:41", "source": "count_test2", "symbols": ["X"], "start": null, "end": null, "sub_field": null, "frequency": null}
{"time": "2026-07-04 11:19:41", "source": "count_test2", "symbols": ["X"], "start": null, "end": null, "sub_field": null, "frequency": null}
{"time": "2026-07-04 11:19:41", "source": "yahoo", "symbols": ["TEST"], "start": "2024-01-01", "end": "2024-12-31", "sub_field": null, "frequency": "daily"}
{"time": "2026-07-04 11:19:41", "source": "yahoo", "symbols": ["AAPL"], "start": null, "end": null, "sub_field": null, "frequency": "daily"}
{"time": "2026-07-04 11:19:41", "source": "fred", "symbols": ["FEDFUNDS"], "start": null, "end": null, "sub_field": null, "frequency": null}
{"time": "2026-07-04 11:19:41", "source": "tw_eco", "symbols": ["AAPL"], "start": null, "end": null, "sub_field": null, "frequency": null}
{"time": "2026-07-04 11:19:41", "source": "tw_pmi", "symbols": ["AAPL"], "start": null, "end": null, "sub_field": null, "frequency": null}
{"time": "2026-07-04 11:19:41", "source": "moea", "symbols": ["AAPL"], "start": null, "end": null, "sub_field": null, "frequency": null}
{"time": "2026-07-04 11:19:41", "source": "tw_eco", "symbols": ["AAPL", "GOOG"], "start": null, "end": null, "sub_field": null, "frequency": null}
{"time": "2026-07-04 11:19:41", "source": "tw_pmi", "symbols": ["AAPL", "GOOG"], "start": null, "end": null, "sub_field": null, "frequency": null}
{"time": "2026-07-04 11:19:41", "source": "moea", "symbols": ["AAPL", "GOOG"], "start": null, "end": null, "sub_field": null, "frequency": null}
{"time": "2026-07-04 11:19:41", "source": "mock", "symbols": ["AAPL"], "start": null, "end": null, "sub_field": null, "frequency": null}
{"time": "2026-07-04 11:19:41", "source": "mock", "symbols": ["AAPL"], "start": null, "end": null, "sub_field": null, "frequency": null}
{"time": "2026-07-04 11:19:41", "source": "mock", "symbols": ["AAPL"], "start": null, "end": null, "sub_field": null, "frequency": null}
{"time": "2026-07-04 11:19:41", "source": "mock", "symbols": ["AAPL"], "start": null, "end": null, "sub_field": null, "frequency": null}
{"time": "2026-07-04 11:19:41", "source": "mock", "symbols": ["AAPL", "TSLA"], "start": null, "end": null, "sub_field": null, "frequency": null}
{"time": "2026-07-04 11:19:41", "source": "mock", "symbols": ["AAPL", "TSLA"], "start": null, "end": null, "sub_field": null, "frequency": null}
{"time": "2026-07-04 11:19:41", "source": "mock", "symbols": ["AAPL", "TSLA"], "start": null, "end": null, "sub_field": null, "frequency": null}
{"time": "2026-07-04 11:19:41", "source": "mock", "symbols": ["AAPL", "TSLA"], "start": null, "end": null, "sub_field": null, "frequency": null}
{"time": "2026-07-04 11:19:41", "source": "failing", "symbols": ["A", "B"], "start": null, "end": null, "sub_field": null, "frequency": null}
{"time": "2026-07-04 11:19:41", "source": "mock", "symbols": ["AAPL"], "start": null, "end": null, "sub_field": null, "frequency": null}
{"time": "2026-07-04 11:19:41", "source": "mock", "symbols": ["TSLA"], "start": null, "end": null, "sub_field": null, "frequency": null}
{"time": "2026-07-04 11:19:45", "source": "test_source", "symbols": ["TEST"], "start": "2024-01-01", "end": "2024-01-01", "sub_field": null, "frequency": null}
{"time": "2026-07-04 11:19:45", "source": "moea", "symbols": ["化學品"], "start": null, "end": null, "sub_field": null, "frequency": null}
{"time": "2026-07-04 11:19:45", "source": "moea", "symbols": ["化學品"], "start": null, "end": null, "sub_field": null, "frequency": null}
{"time": "2026-07-04 11:19:45", "source": "moea", "symbols": ["化學品", "電子產品"], "start": null, "end": null, "sub_field": null, "frequency": null}
{"time": "2026-07-04 11:19:45", "source": "moea", "symbols": ["化學品"], "start": null, "end": null, "sub_field": null, "frequency": null}
{"time": "2026-07-04 11:19:45", "source": "fred", "symbols": ["FEDFUNDS"], "start": "2020-01-01", "end": "2020-12-31", "sub_field": null, "frequency": null}
{"time": "2026-07-04 11:19:46", "source": "fred", "symbols": ["FEDFUNDS"], "start": "2020-01-01", "end": "2020-12-31", "sub_field": null, "frequency": null}
{"time": "2026-07-04 11:19:46", "source": "fred", "symbols": ["FEDFUNDS", "GDP"], "start": "2020-01-01", "end": "2020-03-31", "sub_field": null, "frequency": null}
{"time": "2026-07-04 11:19:47", "source": "fred", "symbols": ["FEDFUNDS"], "start": "2020-01-01", "end": "2020-03-31", "sub_field": null, "frequency": null}
{"time": "2026-07-04 11:19:47", "source": "fred", "symbols": ["FEDFUNDS"], "start": "2020-01-01", "end": "2020-12-31", "sub_field": null, "frequency": null}
{"time": "2026-07-04 11:19:47", "source": "yahoo", "symbols": ["AAPL"], "start": "2023-01-01", "end": "2023-01-31", "sub_field": null, "frequency": "daily"}
{"time": "2026-07-04 11:19:48", "source": "yahoo", "symbols": ["AAPL"], "start": "2023-01-01", "end": "2023-01-31", "sub_field": null, "frequency": "daily"}
{"time": "2026-07-04 11:19:48", "source": "stooq", "symbols": ["^spx"], "start": "2023-01-01", "end": "2023-01-31", "sub_field": null, "frequency": "daily"}
{"time": "2026-07-04 11:19:56", "source": "akshare", "symbols": ["bdi"], "start": "2024-01-01", "end": "2024-01-31", "sub_field": null, "frequency": null}
{"time": "2026-07-04 11:21:19", "source": "akshare", "symbols": ["china_manufacturing_pmi"], "start": "2024-01-01", "end": "2024-06-30", "sub_field": null, "frequency": null}
{"time": "2026-07-04 11:21:20", "source": "optioncharts", "symbols": ["AAPL"], "start": null, "end": null, "sub_field": null, "frequency": null}
{"time": "2026-07-04 11:21:22", "source": "optioncharts", "symbols": ["AAPL"], "start": null, "end": null, "sub_field": null, "frequency": null}
{"time": "2026-07-04 11:21:24", "source": "optioncharts", "symbols": ["AAPL"], "start": null, "end": null, "sub_field": "Close Price", "frequency": null}
{"time": "2026-07-04 11:21:25", "source": "multpl", "symbols": ["sp500_pe"], "start": "2023-01-01", "end": "2023-12-31", "sub_field": null, "frequency": null}
{"time": "2026-07-04 11:21:26", "source": "multpl", "symbols": ["shiller_pe"], "start": "2023-01-01", "end": "2023-12-31", "sub_field": null, "frequency": null}
{"time": "2026-07-04 11:21:26", "source": "multpl", "symbols": ["sp500_pe"], "start": "2023-01-01", "end": "2023-12-31", "sub_field": null, "frequency": null}
{"time": "2026-07-04 11:21:27", "source": "multpl", "symbols": ["sp500_pe"], "start": "2023-01-01", "end": "2023-12-31", "sub_field": null, "frequency": null}
{"time": "2026-07-04 11:21:27", "source": "zillow", "symbols": ["ZHVI"], "start": null, "end": null, "sub_field": null, "frequency": null}
{"time": "2026-07-04 11:21:29", "source": "zillow", "symbols": ["ZHVI"], "start": null, "end": null, "sub_field": null, "frequency": null}
{"time": "2026-07-04 11:21:30", "source": "zillow", "symbols": ["ZHVI"], "start": null, "end": null, "sub_field": "US", "frequency": null}
{"time": "2026-07-04 11:21:32", "source": "usTreasuryApi", "symbols": ["bill_4w"], "start": "2024-01-01", "end": "2024-12-31", "sub_field": null, "frequency": null}
{"time": "2026-07-04 11:21:44", "source": "usTreasuryApi", "symbols": ["note_10y"], "start": "2024-01-01", "end": "2024-12-31", "sub_field": null, "frequency": null}
{"time": "2026-07-04 11:21:44", "source": "usTreasuryApi", "symbols": ["bill_4w"], "start": "2024-01-01", "end": "2024-12-31", "sub_field": null, "frequency": null}
{"time": "2026-07-04 11:21:44", "source": "finra_margin", "symbols": ["debit_balances"], "start": null, "end": null, "sub_field": null, "frequency": null}
{"time": "2026-07-04 11:21:45", "source": "finra_margin", "symbols": ["debit_balances"], "start": null, "end": null, "sub_field": null, "frequency": null}
{"time": "2026-07-04 11:21:45", "source": "dummy", "symbols": ["TEST"], "start": null, "end": null, "sub_field": null, "frequency": null}
{"time": "2026-07-04 11:21:45", "source": "counting", "symbols": ["A"], "start": null, "end": null, "sub_field": null, "frequency": null}
{"time": "2026-07-04 11:21:45", "source": "counting", "symbols": ["A"], "start": null, "end": null, "sub_field": null, "frequency": null}
{"time": "2026-07-04 11:21:45", "source": "freqcount", "symbols": ["A"], "start": null, "end": null, "sub_field": null, "frequency": "daily"}
{"time": "2026-07-04 11:21:45", "source": "freqcount", "symbols": ["A"], "start": null, "end": null, "sub_field": null, "frequency": "weekly"}
{"time": "2026-07-04 11:21:45", "source": "full_data_source", "symbols": ["TEST"], "start": "2023-04-01", "end": "2023-06-30", "sub_field": null, "frequency": null}
{"time": "2026-07-04 11:21:45", "source": "full_data_source", "symbols": ["TEST"], "start": "2023-01-01", "end": "2023-01-05", "sub_field": null, "frequency": "daily"}
{"time": "2026-07-04 11:21:45", "source": "full_data_source", "symbols": ["TEST"], "start": "2023-01-01", "end": "2023-01-08", "sub_field": null, "frequency": "weekly"}
{"time": "2026-07-04 11:21:45", "source": "partial_source", "symbols": ["TEST"], "start": "2023-01-01", "end": "2023-03-31", "sub_field": null, "frequency": null}
{"time": "2026-07-04 11:21:45", "source": "partial_source", "symbols": ["TEST"], "start": "2023-04-01", "end": "2023-06-30", "sub_field": null, "frequency": null}
{"time": "2026-07-04 11:21:45", "source": "partial_source", "symbols": ["TEST"], "start": "2023-01-01", "end": "2023-01-03", "sub_field": null, "frequency": "daily"}
{"time": "2026-07-04 11:21:45", "source": "partial_source", "symbols": ["TEST"], "start": "2023-01-01", "end": "2023-01-15", "sub_field": null, "frequency": "weekly"}
{"time": "2026-07-04 11:21:45", "source": "partial_source", "symbols": ["TEST"], "start": "2023-01-01", "end": "2023-06-30", "sub_field": null, "frequency": null}
{"time": "2026-07-04 11:21:45", "source": "partial_source", "symbols": ["TEST"], "start": "2023-07-01", "end": "2023-12-31", "sub_field": null, "frequency": null}
{"time": "2026-07-04 11:43:51", "source": "full_data_source", "symbols": ["TEST"], "start": "2023-04-01", "end": "2023-06-30", "sub_field": null, "frequency": null}
{"time": "2026-07-04 11:43:51", "source": "full_data_source", "symbols": ["TEST"], "start": "2023-01-01", "end": "2023-01-05", "sub_field": null, "frequency": "daily"}
{"time": "2026-07-04 11:43:51", "source": "full_data_source", "symbols": ["TEST"], "start": "2023-01-01", "end": "2023-01-08", "sub_field": null, "frequency": "weekly"}
{"time": "2026-07-04 11:43:51", "source": "partial_source", "symbols": ["TEST"], "start": "2023-01-01", "end": "2023-03-31", "sub_field": null, "frequency": null}
{"time": "2026-07-04 11:43:51", "source": "partial_source", "symbols": ["TEST"], "start": "2023-04-01", "end": "2023-06-30", "sub_field": null, "frequency": null}
{"time": "2026-07-04 11:43:51", "source": "partial_source", "symbols": ["TEST"], "start": "2023-01-01", "end": "2023-01-03", "sub_field": null, "frequency": "daily"}
{"time": "2026-07-04 11:43:51", "source": "partial_source", "symbols": ["TEST"], "start": "2023-01-01", "end": "2023-01-15", "sub_field": null, "frequency": "weekly"}
{"time": "2026-07-04 11:43:51", "source": "partial_source", "symbols": ["TEST"], "start": "2023-01-01", "end": "2023-06-30", "sub_field": null, "frequency": null}
{"time": "2026-07-04 11:43:51", "source": "partial_source", "symbols": ["TEST"], "start": "2023-07-01", "end": "2023-12-31", "sub_field": null, "frequency": null}
{"time": "2026-07-04 11:44:52", "source": "full_data_source", "symbols": ["TEST"], "start": "2023-04-01", "end": "2023-06-30", "sub_field": null, "frequency": null}
{"time": "2026-07-04 11:44:52", "source": "full_data_source", "symbols": ["TEST"], "start": "2023-01-01", "end": "2023-01-05", "sub_field": null, "frequency": "daily"}
{"time": "2026-07-04 11:44:52", "source": "full_data_source", "symbols": ["TEST"], "start": "2023-01-01", "end": "2023-01-08", "sub_field": null, "frequency": "weekly"}
{"time": "2026-07-04 11:44:52", "source": "partial_source", "symbols": ["TEST"], "start": "2023-01-01", "end": "2023-03-31", "sub_field": null, "frequency": null}
{"time": "2026-07-04 11:44:52", "source": "partial_source", "symbols": ["TEST"], "start": "2023-04-01", "end": "2023-06-30", "sub_field": null, "frequency": null}
{"time": "2026-07-04 11:44:52", "source": "partial_source", "symbols": ["TEST"], "start": "2023-01-01", "end": "2023-01-03", "sub_field": null, "frequency": "daily"}
{"time": "2026-07-04 11:44:52", "source": "partial_source", "symbols": ["TEST"], "start": "2023-01-01", "end": "2023-01-15", "sub_field": null, "frequency": "weekly"}
{"time": "2026-07-04 11:44:52", "source": "partial_source", "symbols": ["TEST"], "start": "2023-01-01", "end": "2023-06-30", "sub_field": null, "frequency": null}
{"time": "2026-07-04 11:44:52", "source": "partial_source", "symbols": ["TEST"], "start": "2023-07-01", "end": "2023-12-31", "sub_field": null, "frequency": null}
{"time": "2026-07-04 12:40:57", "source": "stooq", "symbols": ["xauusd"], "start": null, "end": null, "sub_field": null, "frequency": "daily"}
{"time": "2026-07-04 12:41:09", "source": "stooq", "symbols": ["xauusd"], "start": null, "end": null, "sub_field": null, "frequency": "1d"}
{"time": "2026-07-04 12:41:53", "source": "fred", "symbols": ["GPOTGS01"], "start": null, "end": null, "sub_field": null, "frequency": null}
{"time": "2026-07-04 12:41:54", "source": "fred", "symbols": ["TEDRATE"], "start": null, "end": null, "sub_field": null, "frequency": null}
{"time": "2026-07-04 12:41:55", "source": "fred", "symbols": ["TB3MS"], "start": null, "end": null, "sub_field": null, "frequency": null}
{"time": "2026-07-04 12:41:55", "source": "fred", "symbols": ["DGS10"], "start": null, "end": null, "sub_field": null, "frequency": null}
{"time": "2026-07-04 12:41:56", "source": "fred", "symbols": ["DGS2"], "start": null, "end": null, "sub_field": null, "frequency": null}
{"time": "2026-07-04 12:41:57", "source": "fred", "symbols": ["T10Y2Y"], "start": null, "end": null, "sub_field": null, "frequency": null}
{"time": "2026-07-04 12:41:58", "source": "fred", "symbols": ["TOTBKCR"], "start": null, "end": null, "sub_field": null, "frequency": null}
{"time": "2026-07-04 12:41:59", "source": "fred", "symbols": ["MANEMP"], "start": null, "end": null, "sub_field": null, "frequency": null}
{"time": "2026-07-04 12:41:59", "source": "fred", "symbols": ["IPGMAN"], "start": null, "end": null, "sub_field": null, "frequency": null}
{"time": "2026-07-04 12:42:00", "source": "fred", "symbols": ["B992RC1Q027SBEA"], "start": null, "end": null, "sub_field": null, "frequency": null}
{"time": "2026-07-04 12:42:01", "source": "fred", "symbols": ["B170RC1Q027SBEA"], "start": null, "end": null, "sub_field": null, "frequency": null}
{"time": "2026-07-04 12:42:02", "source": "fred", "symbols": ["ANDENO"], "start": null, "end": null, "sub_field": null, "frequency": null}
{"time": "2026-07-04 12:42:02", "source": "fred", "symbols": ["DGORDER"], "start": null, "end": null, "sub_field": null, "frequency": null}
{"time": "2026-07-04 12:42:03", "source": "fred", "symbols": ["MFGship"], "start": null, "end": null, "sub_field": null, "frequency": null}
{"time": "2026-07-04 12:42:03", "source": "fred", "symbols": ["MFGNEW"], "start": null, "end": null, "sub_field": null, "frequency": null}
{"time": "2026-07-04 12:42:03", "source": "fred", "symbols": ["TCU"], "start": null, "end": null, "sub_field": null, "frequency": null}
{"time": "2026-07-04 12:42:04", "source": "fred", "symbols": ["PCU141"], "start": null, "end": null, "sub_field": null, "frequency": null}
{"time": "2026-07-04 12:42:04", "source": "fred", "symbols": ["RSXFS"], "start": null, "end": null, "sub_field": null, "frequency": null}
{"time": "2026-07-04 12:42:04", "source": "fred", "symbols": ["GDP"], "start": null, "end": null, "sub_field": null, "frequency": null}
{"time": "2026-07-04 12:42:05", "source": "fred", "symbols": ["GDPC1"], "start": null, "end": null, "sub_field": null, "frequency": null}
{"time": "2026-07-04 12:42:05", "source": "fred", "symbols": ["Y001RC1Q027SBEA"], "start": null, "end": null, "sub_field": null, "frequency": null}
{"time": "2026-07-04 12:42:06", "source": "fred", "symbols": ["B985RC1Q027SBEA"], "start": null, "end": null, "sub_field": null, "frequency": null}
{"time": "2026-07-04 12:42:06", "source": "fred", "symbols": ["Y006RC1Q027SBEA"], "start": null, "end": null, "sub_field": null, "frequency": null}
{"time": "2026-07-04 12:42:06", "source": "fred", "symbols": ["A261RX1Q027SBEA"], "start": null, "end": null, "sub_field": null, "frequency": null}
{"time": "2026-07-04 12:42:07", "source": "fred", "symbols": ["ICSA"], "start": null, "end": null, "sub_field": null, "frequency": null}
{"time": "2026-07-04 12:42:07", "source": "fred", "symbols": ["UNRATE"], "start": null, "end": null, "sub_field": null, "frequency": null}
{"time": "2026-07-04 12:42:08", "source": "fred", "symbols": ["JTSJOL"], "start": null, "end": null, "sub_field": null, "frequency": null}
{"time": "2026-07-04 12:42:08", "source": "fred", "symbols": ["CUSECFCILFE"], "start": null, "end": null, "sub_field": null, "frequency": null}
{"time": "2026-07-04 12:42:08", "source": "fred", "symbols": ["CPILFESL"], "start": null, "end": null, "sub_field": null, "frequency": null}
{"time": "2026-07-04 12:42:09", "source": "fred", "symbols": ["PCEPILFE"], "start": null, "end": null, "sub_field": null, "frequency": null}
{"time": "2026-07-04 12:42:09", "source": "fred", "symbols": ["M2SL"], "start": null, "end": null, "sub_field": null, "frequency": null}
{"time": "2026-07-04 12:42:09", "source": "fred", "symbols": ["M2REAL"], "start": null, "end": null, "sub_field": null, "frequency": null}
{"time": "2026-07-04 12:42:10", "source": "fred", "symbols": ["BAMLH0A0HYM2"], "start": null, "end": null, "sub_field": null, "frequency": null}
{"time": "2026-07-04 12:42:11", "source": "fred", "symbols": ["SP500"], "start": null, "end": null, "sub_field": null, "frequency": null}
{"time": "2026-07-04 12:42:11", "source": "fred", "symbols": ["DTWEXBGS"], "start": null, "end": null, "sub_field": null, "frequency": null}
{"time": "2026-07-04 12:42:12", "source": "fred", "symbols": ["CCLHSNBG"], "start": null, "end": null, "sub_field": null, "frequency": null}
{"time": "2026-07-04 12:42:12", "source": "fred", "symbols": ["GDPPOT"], "start": null, "end": null, "sub_field": null, "frequency": null}
{"time": "2026-07-04 12:42:12", "source": "fred", "symbols": ["STLFSI4"], "start": null, "end": null, "sub_field": null, "frequency": null}
{"time": "2026-07-04 12:42:13", "source": "fred", "symbols": ["ANFSTC"], "start": null, "end": null, "sub_field": null, "frequency": null}
{"time": "2026-07-04 12:42:13", "source": "fred", "symbols": ["SAHMCURRENT"], "start": null, "end": null, "sub_field": null, "frequency": null}
{"time": "2026-07-04 12:42:13", "source": "fred", "symbols": ["CMRMTSPL"], "start": null, "end": null, "sub_field": null, "frequency": null}
{"time": "2026-07-04 12:42:14", "source": "fred", "symbols": ["ISRATIO"], "start": null, "end": null, "sub_field": null, "frequency": null}
{"time": "2026-07-04 12:44:24", "source": "yahoo", "symbols": ["GC=F"], "start": null, "end": null, "sub_field": null, "frequency": "daily"}
{"time": "2026-07-04 12:46:37", "source": "stooq", "symbols": ["xauusd"], "start": null, "end": null, "sub_field": null, "frequency": "1wk"}
{"time": "2026-07-04 12:46:56", "source": "stooq", "symbols": ["xauusd"], "start": null, "end": null, "sub_field": null, "frequency": "1mo"}
